,Date/Time,Max Temp (°C),Min Temp (°C),MinTemp(°C),GDD
0,2013-01-01,0.3,-3.6,10.0,0.0
1,2013-01-02,-2.0,-7.1,10.0,0.0
4,2013-01-05,0.0,-7.9,10.0,0.0
8,2013-01-09,0.2,-12.1,10.0,0.0
10,2013-01-11,0.5,-1.6,10.0,0.0
14,2013-01-15,4.1,1.5,10.0,0.0
16,2013-01-17,-0.6,-9.2,10.0,0.0
17,2013-01-18,-0.4,-16.0,10.0,0.0
18,2013-01-19,0.1,-16.8,10.0,0.0
19,2013-01-20,5.8,-9.0,10.0,0.0
20,2013-01-21,6.8,-5.5,10.0,0.0
21,2013-01-22,-3.8,-8.4,10.0,0.0
22,2013-01-23,-5.9,-11.5,10.0,0.0
23,2013-01-24,-6.9,-14.9,10.0,0.0
24,2013-01-25,-6.5,-10.5,10.0,0.0
25,2013-01-26,-3.4,-7.8,10.0,0.0
26,2013-01-27,-6.1,-9.3,10.0,0.0
27,2013-01-28,-6.6,-10.9,10.0,0.0
28,2013-01-29,-6.2,-11.9,10.0,0.0
29,2013-01-30,1.6,-6.4,10.0,0.0
30,2013-01-31,10.3,1.6,10.0,0.15000000000000036
31,2013-02-01,10.6,-0.8,10.0,0.3000000000000007
32,2013-02-02,-0.7,-6.8,10.0,0.0
33,2013-02-03,-0.3,-8.4,10.0,0.0
34,2013-02-04,6.9,-2.6,10.0,0.0
35,2013-02-05,-1.9,-6.9,10.0,0.0
36,2013-02-06,-4.0,-9.0,10.0,0.0
37,2013-02-07,-3.2,-10.9,10.0,0.0
38,2013-02-08,-9.0,-14.2,10.0,0.0
39,2013-02-09,-1.3,-15.3,10.0,0.0
40,2013-02-10,2.6,-3.7,10.0,0.0
41,2013-02-11,-0.9,-7.1,10.0,0.0
42,2013-02-12,1.3,-10.9,10.0,0.0
43,2013-02-13,1.4,-2.0,10.0,0.0
44,2013-02-14,0.7,-2.0,10.0,0.0
45,2013-02-15,-1.4,-2.6,10.0,0.0
46,2013-02-16,1.1,-6.3,10.0,0.0
47,2013-02-17,2.7,-6.5,10.0,0.0
48,2013-02-18,4.2,-1.8,10.0,0.0
49,2013-02-19,0.6,-1.6,10.0,0.0
50,2013-02-20,1.5,-0.6,10.0,0.0
51,2013-02-21,-0.1,-0.7,10.0,0.0
52,2013-02-22,-0.4,-3.8,10.0,0.0
53,2013-02-23,-2.9,-4.4,10.0,0.0
54,2013-02-24,-3.5,-11.9,10.0,0.0
55,2013-02-25,-4.0,-13.9,10.0,0.0
56,2013-02-26,-2.3,-4.8,10.0,0.0
57,2013-02-27,-1.9,-3.7,10.0,0.0
62,2013-03-04,1.9,0.9,10.0,0.0
63,2013-03-05,1.3,-0.9,10.0,0.0
64,2013-03-06,1.4,-2.0,10.0,0.0
65,2013-03-07,1.1,-4.1,10.0,0.0
66,2013-03-08,-0.8,-3.7,10.0,0.0
67,2013-03-09,1.0,-1.1,10.0,0.0
68,2013-03-10,-0.6,-3.7,10.0,0.0
69,2013-03-11,1.4,-5.1,10.0,0.0
70,2013-03-12,7.2,-2.4,10.0,0.0
71,2013-03-13,7.8,-0.2,10.0,0.0
72,2013-03-14,5.6,0.3,10.0,0.0
73,2013-03-15,5.0,0.0,10.0,0.0
74,2013-03-16,4.4,-2.6,10.0,0.0
75,2013-03-17,0.5,-4.9,10.0,0.0
76,2013-03-18,-2.5,-9.5,10.0,0.0
77,2013-03-19,0.4,-9.5,10.0,0.0
78,2013-03-20,5.3,0.4,10.0,0.0
79,2013-03-21,5.4,-0.1,10.0,0.0
80,2013-03-22,6.6,-1.5,10.0,0.0
81,2013-03-23,4.4,-1.8,10.0,0.0
82,2013-03-24,3.1,-2.1,10.0,0.0
83,2013-03-25,0.4,-1.5,10.0,0.0
84,2013-03-26,4.0,-0.2,10.0,0.0
85,2013-03-27,2.5,0.1,10.0,0.0
86,2013-03-28,0.4,-0.8,10.0,0.0
87,2013-03-29,0.1,-1.9,10.0,0.0
88,2013-03-30,1.4,-2.0,10.0,0.0
89,2013-03-31,0.2,-4.4,10.0,0.0
90,2013-04-01,5.1,-6.6,10.0,0.0
91,2013-04-02,3.4,-1.1,10.0,0.0
92,2013-04-03,3.6,-2.9,10.0,0.0
93,2013-04-04,1.7,-2.4,10.0,0.0
94,2013-04-05,7.2,-1.8,10.0,0.0
95,2013-04-06,8.9,0.8,10.0,0.0
96,2013-04-07,3.5,-2.9,10.0,0.0
97,2013-04-08,5.6,-3.5,10.0,0.0
98,2013-04-09,7.7,-3.0,10.0,0.0
99,2013-04-10,4.9,-1.7,10.0,0.0
100,2013-04-11,5.1,-1.8,10.0,0.0
101,2013-04-12,2.6,-1.8,10.0,0.0
102,2013-04-13,5.7,-3.1,10.0,0.0
103,2013-04-14,2.3,-2.4,10.0,0.0
104,2013-04-15,4.3,-3.5,10.0,0.0
105,2013-04-16,4.9,-3.6,10.0,0.0
106,2013-04-17,6.6,-1.1,10.0,0.0
107,2013-04-18,6.6,-4.6,10.0,0.0
108,2013-04-19,3.6,-4.6,10.0,0.0
109,2013-04-20,14.4,8.1,10.0,2.1999999999999993
110,2013-04-21,13.5,-1.2,10.0,1.75
111,2013-04-22,3.3,-5.3,10.0,0.0
112,2013-04-23,9.3,-7.3,10.0,0.0
113,2013-04-24,8.0,-3.7,10.0,0.0
114,2013-04-25,11.2,1.2,10.0,0.5999999999999996
115,2013-04-26,14.0,3.5,10.0,2.0
116,2013-04-27,12.1,4.7,10.0,1.0500000000000007
117,2013-04-28,12.8,4.7,10.0,1.4000000000000004
118,2013-04-29,9.1,3.8,10.0,0.0
119,2013-04-30,10.8,4.0,10.0,0.40000000000000036
120,2013-05-01,11.9,1.0,10.0,0.9499999999999993
121,2013-05-02,5.4,2.4,10.0,0.0
122,2013-05-03,8.2,-0.3,10.0,0.0
123,2013-05-04,10.3,-1.1,10.0,0.15000000000000036
124,2013-05-05,18.4,-0.7,10.0,4.199999999999999
125,2013-05-06,8.2,0.0,10.0,0.0
126,2013-05-07,17.4,4.7,10.0,3.6999999999999993
127,2013-05-08,7.1,-2.5,10.0,0.0
128,2013-05-09,17.2,-0.4,10.0,3.5999999999999996
129,2013-05-10,16.6,8.5,10.0,3.3000000000000007
130,2013-05-11,14.3,2.8,10.0,2.1500000000000004
131,2013-05-12,20.6,5.4,10.0,5.300000000000001
132,2013-05-13,20.0,13.3,13.3,6.649999999999999
133,2013-05-14,17.8,8.9,10.0,3.9000000000000004
134,2013-05-15,11.0,6.4,10.0,0.5
135,2013-05-16,10.6,3.7,10.0,0.3000000000000007
136,2013-05-17,14.0,2.9,10.0,2.0
137,2013-05-18,4.0,2.3,10.0,0.0
138,2013-05-19,4.7,1.1,10.0,0.0
139,2013-05-20,2.8,-0.3,10.0,0.0
140,2013-05-21,10.6,-0.2,10.0,0.3000000000000007
141,2013-05-22,13.2,-0.2,10.0,1.5999999999999996
142,2013-05-23,13.8,0.7,10.0,1.9000000000000004
143,2013-05-24,21.1,5.8,10.0,5.550000000000001
144,2013-05-25,22.3,15.0,15.0,8.649999999999999
145,2013-05-26,20.2,12.2,12.2,6.199999999999999
146,2013-05-27,18.4,4.8,10.0,4.199999999999999
147,2013-05-28,13.8,2.9,10.0,1.9000000000000004
148,2013-05-29,10.3,2.5,10.0,0.15000000000000036
149,2013-05-30,15.4,3.6,10.0,2.6999999999999993
150,2013-05-31,13.5,5.7,10.0,1.75
151,2013-06-01,13.9,4.0,10.0,1.9499999999999993
152,2013-06-02,8.8,2.9,10.0,0.0
153,2013-06-03,20.9,3.5,10.0,5.449999999999999
154,2013-06-04,21.2,11.7,11.7,6.449999999999999
155,2013-06-05,16.6,5.0,10.0,3.3000000000000007
156,2013-06-06,15.5,3.6,10.0,2.75
157,2013-06-07,15.3,5.2,10.0,2.6500000000000004
158,2013-06-08,13.7,4.1,10.0,1.8499999999999996
159,2013-06-09,5.7,3.0,10.0,0.0
160,2013-06-10,17.3,3.0,10.0,3.6500000000000004
161,2013-06-11,18.3,7.0,10.0,4.15
162,2013-06-12,11.1,2.2,10.0,0.5500000000000007
163,2013-06-13,5.3,3.5,10.0,0.0
164,2013-06-14,7.7,5.0,10.0,0.0
165,2013-06-15,15.9,6.7,10.0,2.9499999999999993
166,2013-06-16,19.2,7.7,10.0,4.6
167,2013-06-17,19.4,8.2,10.0,4.699999999999999
168,2013-06-18,18.5,9.8,10.0,4.25
169,2013-06-19,15.9,10.1,10.1,3.0
170,2013-06-20,17.8,7.4,10.0,3.9000000000000004
171,2013-06-21,21.8,7.0,10.0,5.9
172,2013-06-22,20.5,7.6,10.0,5.25
173,2013-06-23,25.0,10.6,10.6,7.800000000000001
174,2013-06-24,17.7,11.6,11.6,4.649999999999999
175,2013-06-25,15.4,7.1,10.0,2.6999999999999993
176,2013-06-26,18.2,6.8,10.0,4.1
177,2013-06-27,12.4,6.7,10.0,1.1999999999999993
178,2013-06-28,11.3,7.4,10.0,0.6500000000000004
179,2013-06-29,23.8,7.8,10.0,6.899999999999999
180,2013-06-30,24.0,18.3,18.3,11.149999999999999
181,2013-07-01,23.5,15.2,15.2,9.350000000000001
182,2013-07-02,18.7,4.3,10.0,4.35
183,2013-07-03,23.1,6.7,10.0,6.550000000000001
184,2013-07-04,24.9,11.4,11.4,8.149999999999999
185,2013-07-05,26.0,15.1,15.1,10.55
186,2013-07-06,28.6,12.6,12.6,10.600000000000001
187,2013-07-07,26.1,11.3,11.3,8.700000000000003
188,2013-07-08,20.9,10.3,10.3,5.6
189,2013-07-09,19.4,7.8,10.0,4.699999999999999
190,2013-07-10,17.1,5.4,10.0,3.5500000000000007
191,2013-07-11,17.5,5.1,10.0,3.75
192,2013-07-12,24.8,11.5,11.5,8.149999999999999
194,2013-07-14,27.4,13.5,13.5,10.45
200,2013-07-20,23.7,11.5,11.5,7.600000000000001
201,2013-07-21,26.1,12.3,12.3,9.200000000000003
203,2013-07-23,24.5,10.1,10.1,7.300000000000001
204,2013-07-24,25.3,12.7,12.7,9.0
205,2013-07-25,28.7,21.7,21.7,15.2
206,2013-07-26,28.8,21.4,21.4,15.100000000000001
207,2013-07-27,28.4,20.0,20.0,14.2
208,2013-07-28,20.0,9.9,10.0,5.0
209,2013-07-29,18.9,10.0,10.0,4.449999999999999
210,2013-07-30,21.5,10.3,10.3,5.9
211,2013-07-31,23.7,15.0,15.0,9.350000000000001
212,2013-08-01,24.3,16.2,16.2,10.25
213,2013-08-02,25.5,14.4,14.4,9.95
214,2013-08-03,22.9,14.6,14.6,8.75
215,2013-08-04,21.0,15.6,15.6,8.3
216,2013-08-05,19.2,14.1,14.1,6.649999999999999
217,2013-08-06,23.1,14.2,14.2,8.649999999999999
218,2013-08-07,17.4,13.2,13.2,5.299999999999999
220,2013-08-09,24.5,12.9,12.9,8.7
221,2013-08-10,19.1,14.5,14.5,6.800000000000001
222,2013-08-11,23.1,14.1,14.1,8.600000000000001
223,2013-08-12,23.9,13.9,13.9,8.899999999999999
224,2013-08-13,25.1,11.9,11.9,8.5
225,2013-08-14,19.6,14.8,14.8,7.200000000000003
226,2013-08-15,23.2,14.8,14.8,9.0
227,2013-08-16,18.2,11.1,11.1,4.649999999999999
228,2013-08-17,23.0,10.3,10.3,6.649999999999999
229,2013-08-18,21.0,13.6,13.6,7.300000000000001
230,2013-08-19,23.3,14.1,14.1,8.7
231,2013-08-20,14.1,5.1,10.0,2.0500000000000007
232,2013-08-21,19.0,5.1,10.0,4.5
233,2013-08-22,23.3,16.2,16.2,9.75
234,2013-08-23,24.2,18.2,18.2,11.2
235,2013-08-24,19.2,10.0,10.0,4.6
236,2013-08-25,15.0,9.8,10.0,2.5
237,2013-08-26,19.7,11.0,11.0,5.35
238,2013-08-27,22.1,11.7,11.7,6.899999999999999
239,2013-08-28,23.1,10.4,10.4,6.75
240,2013-08-29,13.0,9.9,10.0,1.5
241,2013-08-30,19.0,13.0,13.0,6.0
242,2013-08-31,18.2,4.1,10.0,4.1
243,2013-09-01,18.2,3.6,10.0,4.1
244,2013-09-02,18.1,10.1,10.1,4.100000000000001
245,2013-09-03,13.6,10.3,10.3,1.9499999999999993
246,2013-09-04,22.1,13.2,13.2,7.649999999999999
247,2013-09-05,21.1,15.5,15.5,8.3
248,2013-09-06,18.6,7.8,10.0,4.300000000000001
249,2013-09-07,19.1,6.2,10.0,4.550000000000001
250,2013-09-08,19.1,11.7,11.7,5.4
251,2013-09-09,17.3,9.6,10.0,3.6500000000000004
252,2013-09-10,19.5,9.8,10.0,4.75
253,2013-09-11,17.3,10.9,10.9,4.100000000000001
254,2013-09-12,21.2,15.0,15.0,8.100000000000001
255,2013-09-13,25.1,15.5,15.5,10.3
256,2013-09-14,25.3,18.1,18.1,11.700000000000003
257,2013-09-15,22.4,13.8,13.8,8.100000000000001
258,2013-09-16,20.1,11.3,11.3,5.700000000000001
259,2013-09-17,17.7,2.9,10.0,3.8499999999999996
260,2013-09-18,17.3,3.5,10.0,3.6500000000000004
261,2013-09-19,18.9,6.0,10.0,4.449999999999999
262,2013-09-20,12.4,3.7,10.0,1.1999999999999993
263,2013-09-21,13.7,4.6,10.0,1.8499999999999996
264,2013-09-22,21.7,8.9,10.0,5.85
265,2013-09-23,18.7,14.0,14.0,6.350000000000001
267,2013-09-25,14.4,11.5,11.5,2.9499999999999993
268,2013-09-26,13.5,10.3,10.3,1.9000000000000004
269,2013-09-27,10.4,6.5,10.0,0.1999999999999993
270,2013-09-28,17.1,6.0,10.0,3.5500000000000007
271,2013-09-29,20.8,10.3,10.3,5.550000000000001
272,2013-09-30,24.9,10.2,10.2,7.549999999999997
273,2013-10-01,23.2,10.1,10.1,6.649999999999999
274,2013-10-02,21.3,13.0,13.0,7.149999999999999
275,2013-10-03,17.4,10.0,10.0,3.6999999999999993
276,2013-10-04,12.8,7.1,10.0,1.4000000000000004
277,2013-10-05,9.5,7.3,10.0,0.0
278,2013-10-06,9.0,4.8,10.0,0.0
279,2013-10-07,7.5,-0.9,10.0,0.0
280,2013-10-08,14.1,-0.3,10.0,2.0500000000000007
281,2013-10-09,11.9,2.5,10.0,0.9499999999999993
282,2013-10-10,13.9,1.6,10.0,1.9499999999999993
283,2013-10-11,7.7,2.8,10.0,0.0
284,2013-10-12,6.1,1.3,10.0,0.0
285,2013-10-13,7.2,1.8,10.0,0.0
286,2013-10-14,8.3,2.5,10.0,0.0
287,2013-10-15,10.7,4.3,10.0,0.34999999999999964
288,2013-10-16,9.8,0.2,10.0,0.0
289,2013-10-17,11.4,-1.0,10.0,0.6999999999999993
290,2013-10-18,18.0,9.2,10.0,4.0
291,2013-10-19,11.5,7.1,10.0,0.75
292,2013-10-20,9.4,6.2,10.0,0.0
293,2013-10-21,11.7,5.4,10.0,0.8499999999999996
294,2013-10-22,7.0,4.2,10.0,0.0
295,2013-10-23,10.1,2.1,10.0,0.05000000000000071
296,2013-10-24,11.4,4.4,10.0,0.6999999999999993
297,2013-10-25,9.5,-0.8,10.0,0.0
298,2013-10-26,8.9,-1.3,10.0,0.0
299,2013-10-27,12.9,1.8,10.0,1.4499999999999993
300,2013-10-28,11.2,3.5,10.0,0.5999999999999996
301,2013-10-29,7.8,1.4,10.0,0.0
302,2013-10-30,4.8,-3.2,10.0,0.0
303,2013-10-31,5.4,-0.8,10.0,0.0
304,2013-11-01,17.4,0.9,10.0,3.6999999999999993
305,2013-11-02,17.5,10.6,10.6,4.050000000000001
306,2013-11-03,10.7,3.0,10.0,0.34999999999999964
307,2013-11-04,4.4,-0.2,10.0,0.0
308,2013-11-05,0.6,-2.7,10.0,0.0
309,2013-11-06,5.7,-2.7,10.0,0.0
310,2013-11-07,14.6,5.4,10.0,2.3000000000000007
311,2013-11-08,15.3,2.3,10.0,2.6500000000000004
312,2013-11-09,5.6,0.4,10.0,0.0
313,2013-11-10,2.9,-2.5,10.0,0.0
314,2013-11-11,6.4,-1.0,10.0,0.0
315,2013-11-12,9.0,0.8,10.0,0.0
316,2013-11-13,9.8,0.0,10.0,0.0
317,2013-11-14,1.1,-0.9,10.0,0.0
318,2013-11-15,6.5,-0.4,10.0,0.0
319,2013-11-16,8.9,1.4,10.0,0.0
320,2013-11-17,8.6,4.9,10.0,0.0
321,2013-11-18,6.9,3.8,10.0,0.0
322,2013-11-19,6.1,4.5,10.0,0.0
323,2013-11-20,7.9,1.0,10.0,0.0
324,2013-11-21,4.0,0.1,10.0,0.0
325,2013-11-22,4.2,1.2,10.0,0.0
326,2013-11-23,3.2,1.2,10.0,0.0
327,2013-11-24,3.5,0.1,10.0,0.0
328,2013-11-25,0.6,-2.1,10.0,0.0
329,2013-11-26,1.8,-0.8,10.0,0.0
330,2013-11-27,7.3,0.6,10.0,0.0
331,2013-11-28,10.3,4.1,10.0,0.15000000000000036
332,2013-11-29,4.3,-0.9,10.0,0.0
333,2013-11-30,-0.5,-9.4,10.0,0.0
334,2013-12-01,-2.5,-11.3,10.0,0.0
335,2013-12-02,4.0,-8.8,10.0,0.0
336,2013-12-03,9.8,3.9,10.0,0.0
337,2013-12-04,11.7,2.4,10.0,0.8499999999999996
338,2013-12-05,2.7,-0.4,10.0,0.0
339,2013-12-06,9.6,-2.1,10.0,0.0
340,2013-12-07,7.1,-1.3,10.0,0.0
341,2013-12-08,-0.5,-6.6,10.0,0.0
342,2013-12-09,-2.9,-7.5,10.0,0.0
343,2013-12-10,0.9,-4.4,10.0,0.0
344,2013-12-11,-0.7,-8.3,10.0,0.0
345,2013-12-12,-5.8,-12.3,10.0,0.0
346,2013-12-13,-7.6,-13.1,10.0,0.0
347,2013-12-14,-7.1,-11.6,10.0,0.0
348,2013-12-15,0.1,-8.8,10.0,0.0
349,2013-12-16,4.1,-3.2,10.0,0.0
350,2013-12-17,-3.1,-9.6,10.0,0.0
351,2013-12-18,3.9,-14.2,10.0,0.0
352,2013-12-19,5.5,-6.1,10.0,0.0
353,2013-12-20,-3.6,-7.0,10.0,0.0
354,2013-12-21,-0.4,-7.2,10.0,0.0
355,2013-12-22,1.4,-10.3,10.0,0.0
356,2013-12-23,-8.4,-10.9,10.0,0.0
357,2013-12-24,-3.9,-8.9,10.0,0.0
358,2013-12-25,-4.8,-11.3,10.0,0.0
359,2013-12-26,-6.1,-12.3,10.0,0.0
360,2013-12-27,2.1,-6.4,10.0,0.0
361,2013-12-28,-0.2,-7.6,10.0,0.0
362,2013-12-29,-0.4,-13.8,10.0,0.0
363,2013-12-30,-1.0,-13.1,10.0,0.0
364,2013-12-31,-1.7,-9.6,10.0,0.0
0,2014-01-01,-9.6,-14.2,10.0,0.0
1,2014-01-02,-13.0,-17.5,10.0,0.0
2,2014-01-03,-6.4,-17.5,10.0,0.0
3,2014-01-04,-7.3,-14.5,10.0,0.0
4,2014-01-05,-2.6,-10.3,10.0,0.0
5,2014-01-06,-1.8,-11.1,10.0,0.0
6,2014-01-07,9.7,-4.8,10.0,0.0
7,2014-01-08,-4.8,-9.0,10.0,0.0
8,2014-01-09,-3.5,-10.4,10.0,0.0
9,2014-01-10,-4.4,-12.0,10.0,0.0
10,2014-01-11,2.3,-4.6,10.0,0.0
11,2014-01-12,10.9,1.8,10.0,0.4499999999999993
12,2014-01-13,4.2,-1.4,10.0,0.0
13,2014-01-14,6.4,-2.7,10.0,0.0
14,2014-01-15,11.0,-0.5,10.0,0.5
15,2014-01-16,9.1,0.1,10.0,0.0
16,2014-01-17,12.3,-0.5,10.0,1.1500000000000004
17,2014-01-18,2.3,-0.4,10.0,0.0
18,2014-01-19,3.0,-1.3,10.0,0.0
19,2014-01-20,2.1,-1.5,10.0,0.0
20,2014-01-21,3.8,-6.8,10.0,0.0
21,2014-01-22,9.5,-6.8,10.0,0.0
22,2014-01-23,8.5,-5.2,10.0,0.0
23,2014-01-24,-3.0,-7.2,10.0,0.0
24,2014-01-25,-3.0,-10.4,10.0,0.0
25,2014-01-26,6.2,-3.1,10.0,0.0
26,2014-01-27,1.8,-5.1,10.0,0.0
27,2014-01-28,9.0,-9.2,10.0,0.0
28,2014-01-29,-5.8,-9.6,10.0,0.0
29,2014-01-30,-5.1,-11.4,10.0,0.0
30,2014-01-31,2.1,-12.1,10.0,0.0
31,2014-02-01,0.7,-7.8,10.0,0.0
32,2014-02-02,-0.3,-10.0,10.0,0.0
33,2014-02-03,-1.7,-9.7,10.0,0.0
34,2014-02-04,-7.8,-13.8,10.0,0.0
35,2014-02-05,-8.2,-12.3,10.0,0.0
36,2014-02-06,-7.0,-15.1,10.0,0.0
37,2014-02-07,-5.7,-16.0,10.0,0.0
38,2014-02-08,-3.3,-15.7,10.0,0.0
39,2014-02-09,-6.8,-15.9,10.0,0.0
40,2014-02-10,-10.4,-18.0,10.0,0.0
41,2014-02-11,-10.4,-14.0,10.0,0.0
42,2014-02-12,-7.2,-15.7,10.0,0.0
43,2014-02-13,-1.7,-10.4,10.0,0.0
44,2014-02-14,7.9,-4.2,10.0,0.0
46,2014-02-16,4.2,-4.2,10.0,0.0
47,2014-02-17,-3.4,-6.1,10.0,0.0
48,2014-02-18,-4.4,-8.6,10.0,0.0
49,2014-02-19,0.9,-8.4,10.0,0.0
50,2014-02-20,2.7,-3.1,10.0,0.0
51,2014-02-21,-0.8,-3.9,10.0,0.0
52,2014-02-22,1.4,-4.4,10.0,0.0
53,2014-02-23,3.3,-3.2,10.0,0.0
54,2014-02-24,1.5,-5.3,10.0,0.0
55,2014-02-25,0.8,-8.9,10.0,0.0
56,2014-02-26,-4.9,-11.2,10.0,0.0
57,2014-02-27,-5.2,-10.1,10.0,0.0
58,2014-02-28,0.9,-9.3,10.0,0.0
59,2014-03-01,-6.3,-15.1,10.0,0.0
60,2014-03-02,-1.1,-13.3,10.0,0.0
61,2014-03-03,-5.2,-12.7,10.0,0.0
62,2014-03-04,-10.3,-17.4,10.0,0.0
63,2014-03-05,-8.5,-17.0,10.0,0.0
64,2014-03-06,-9.0,-19.2,10.0,0.0
65,2014-03-07,-2.1,-14.7,10.0,0.0
66,2014-03-08,1.4,-6.4,10.0,0.0
67,2014-03-09,-1.3,-10.7,10.0,0.0
68,2014-03-10,-5.3,-18.6,10.0,0.0
69,2014-03-11,-4.5,-20.2,10.0,0.0
70,2014-03-12,2.7,-5.0,10.0,0.0
71,2014-03-13,10.4,-3.1,10.0,0.1999999999999993
72,2014-03-14,7.1,-8.7,10.0,0.0
73,2014-03-15,-3.3,-11.0,10.0,0.0
74,2014-03-16,2.8,-11.3,10.0,0.0
75,2014-03-17,-1.5,-8.9,10.0,0.0
76,2014-03-18,-2.9,-10.2,10.0,0.0
77,2014-03-19,0.1,-6.7,10.0,0.0
78,2014-03-20,-0.1,-8.6,10.0,0.0
79,2014-03-21,3.4,-3.0,10.0,0.0
80,2014-03-22,2.6,-5.0,10.0,0.0
81,2014-03-23,2.7,-3.9,10.0,0.0
82,2014-03-24,-2.6,-3.8,10.0,0.0
83,2014-03-25,-3.7,-9.3,10.0,0.0
84,2014-03-26,2.4,-14.6,10.0,0.0
85,2014-03-27,4.3,-3.8,10.0,0.0
86,2014-03-28,0.8,-4.4,10.0,0.0
87,2014-03-29,4.1,-3.6,10.0,0.0
88,2014-03-30,-0.7,-5.1,10.0,0.0
89,2014-03-31,-3.0,-5.4,10.0,0.0
90,2014-04-01,0.2,-3.0,10.0,0.0
91,2014-04-02,-0.4,-3.2,10.0,0.0
92,2014-04-03,-2.7,-5.6,10.0,0.0
93,2014-04-04,3.7,-5.7,10.0,0.0
94,2014-04-05,1.5,-3.9,10.0,0.0
95,2014-04-06,3.5,-2.8,10.0,0.0
96,2014-04-07,4.1,-1.0,10.0,0.0
97,2014-04-08,5.8,-2.8,10.0,0.0
98,2014-04-09,10.0,-0.7,10.0,0.0
99,2014-04-10,4.3,-3.6,10.0,0.0
100,2014-04-11,7.8,-3.7,10.0,0.0
101,2014-04-12,8.5,3.0,10.0,0.0
102,2014-04-13,7.0,-2.3,10.0,0.0
103,2014-04-14,2.7,-4.2,10.0,0.0
104,2014-04-15,15.0,0.4,10.0,2.5
105,2014-04-16,17.9,3.9,10.0,3.9499999999999993
106,2014-04-17,6.5,-4.3,10.0,0.0
107,2014-04-18,1.7,-6.3,10.0,0.0
108,2014-04-19,-0.2,-2.9,10.0,0.0
109,2014-04-20,1.8,-3.5,10.0,0.0
110,2014-04-21,7.2,-3.2,10.0,0.0
111,2014-04-22,8.5,-0.1,10.0,0.0
112,2014-04-23,0.3,-1.5,10.0,0.0
113,2014-04-24,1.7,-0.2,10.0,0.0
114,2014-04-25,3.1,1.2,10.0,0.0
115,2014-04-26,7.9,1.1,10.0,0.0
116,2014-04-27,5.6,1.1,10.0,0.0
117,2014-04-28,4.3,0.2,10.0,0.0
118,2014-04-29,3.4,-1.4,10.0,0.0
120,2014-05-01,8.9,-4.0,10.0,0.0
121,2014-05-02,3.5,-4.7,10.0,0.0
122,2014-05-03,6.2,-4.1,10.0,0.0
123,2014-05-04,4.1,0.2,10.0,0.0
124,2014-05-05,2.2,-0.7,10.0,0.0
125,2014-05-06,2.6,-0.6,10.0,0.0
126,2014-05-07,3.6,-0.5,10.0,0.0
127,2014-05-08,3.5,-0.5,10.0,0.0
128,2014-05-09,7.2,-0.3,10.0,0.0
129,2014-05-10,9.8,1.7,10.0,0.0
130,2014-05-11,11.5,-1.7,10.0,0.75
131,2014-05-12,8.0,-0.9,10.0,0.0
132,2014-05-13,5.9,-2.2,10.0,0.0
133,2014-05-14,4.4,-1.9,10.0,0.0
134,2014-05-15,9.6,-1.4,10.0,0.0
135,2014-05-16,20.2,4.1,10.0,5.1
136,2014-05-17,18.7,3.6,10.0,4.35
137,2014-05-18,10.3,3.0,10.0,0.15000000000000036
138,2014-05-19,10.0,3.0,10.0,0.0
139,2014-05-20,11.0,4.3,10.0,0.5
140,2014-05-21,18.9,7.2,10.0,4.449999999999999
141,2014-05-22,13.2,6.0,10.0,1.5999999999999996
142,2014-05-23,14.9,6.0,10.0,2.4499999999999993
143,2014-05-24,11.3,2.9,10.0,0.6500000000000004
144,2014-05-25,4.5,2.4,10.0,0.0
145,2014-05-26,6.0,3.1,10.0,0.0
146,2014-05-27,4.6,3.1,10.0,0.0
147,2014-05-28,4.5,1.7,10.0,0.0
148,2014-05-29,10.0,-2.4,10.0,0.0
149,2014-05-30,7.3,-1.2,10.0,0.0
150,2014-05-31,8.9,-1.5,10.0,0.0
151,2014-06-01,11.4,-1.7,10.0,0.6999999999999993
152,2014-06-02,14.8,-1.4,10.0,2.4000000000000004
153,2014-06-03,20.0,3.3,10.0,5.0
154,2014-06-04,18.2,5.9,10.0,4.1
155,2014-06-05,20.9,8.8,10.0,5.449999999999999
156,2014-06-06,20.5,8.9,10.0,5.25
157,2014-06-07,20.0,9.2,10.0,5.0
158,2014-06-08,12.4,4.7,10.0,1.1999999999999993
159,2014-06-09,9.6,4.6,10.0,0.0
160,2014-06-10,9.6,5.5,10.0,0.0
161,2014-06-11,10.3,3.7,10.0,0.15000000000000036
162,2014-06-12,10.2,3.3,10.0,0.09999999999999964
163,2014-06-13,14.4,3.7,10.0,2.1999999999999993
164,2014-06-14,20.8,6.3,10.0,5.4
165,2014-06-15,20.6,8.5,10.0,5.300000000000001
166,2014-06-16,11.3,7.2,10.0,0.6500000000000004
167,2014-06-17,13.6,5.3,10.0,1.8000000000000007
168,2014-06-18,22.3,3.8,10.0,6.149999999999999
169,2014-06-19,15.2,6.6,10.0,2.5999999999999996
170,2014-06-20,17.1,7.5,10.0,3.5500000000000007
171,2014-06-21,14.0,5.8,10.0,2.0
172,2014-06-22,12.3,6.2,10.0,1.1500000000000004
173,2014-06-23,19.5,5.8,10.0,4.75
174,2014-06-24,23.6,10.2,10.2,6.899999999999999
175,2014-06-25,18.5,10.3,10.3,4.4
176,2014-06-26,15.9,8.6,10.0,2.9499999999999993
177,2014-06-27,9.6,6.8,10.0,0.0
178,2014-06-28,17.0,6.6,10.0,3.5
179,2014-06-29,17.4,4.3,10.0,3.6999999999999993
180,2014-06-30,20.1,7.1,10.0,5.050000000000001
181,2014-07-01,26.0,9.1,10.0,8.0
182,2014-07-02,25.4,15.8,15.8,10.600000000000001
183,2014-07-03,26.3,16.0,16.0,11.149999999999999
184,2014-07-04,25.7,16.1,16.1,10.899999999999999
185,2014-07-05,25.3,13.3,13.3,9.3
186,2014-07-06,18.6,11.6,11.6,5.100000000000001
187,2014-07-07,22.9,13.0,13.0,7.949999999999999
188,2014-07-08,23.6,14.5,14.5,9.05
189,2014-07-09,25.2,17.3,17.3,11.25
190,2014-07-10,25.6,19.2,19.2,12.399999999999999
191,2014-07-11,28.2,17.8,17.8,13.0
192,2014-07-12,23.9,13.8,13.8,8.850000000000001
193,2014-07-13,25.8,12.8,12.8,9.3
194,2014-07-14,24.6,13.2,13.2,8.899999999999999
195,2014-07-15,26.2,16.6,16.6,11.399999999999999
196,2014-07-16,25.9,17.0,17.0,11.45
197,2014-07-17,27.7,19.5,19.5,13.600000000000001
198,2014-07-18,25.9,15.8,15.8,10.850000000000001
199,2014-07-19,19.1,8.2,10.0,4.550000000000001
200,2014-07-20,26.3,8.7,10.0,8.149999999999999
201,2014-07-21,28.8,13.7,13.7,11.25
202,2014-07-22,27.8,13.1,13.1,10.45
203,2014-07-23,25.7,16.8,16.8,11.25
204,2014-07-24,26.4,17.3,17.3,11.850000000000001
205,2014-07-25,26.0,17.0,17.0,11.5
206,2014-07-26,22.4,11.8,11.8,7.100000000000001
207,2014-07-27,27.3,11.9,11.9,9.600000000000001
208,2014-07-28,24.5,12.2,12.2,8.350000000000001
209,2014-07-29,22.3,13.3,13.3,7.800000000000001
210,2014-07-30,29.6,18.9,18.9,14.25
211,2014-07-31,29.8,19.3,19.3,14.55
212,2014-08-01,26.5,21.0,21.0,13.75
213,2014-08-02,25.9,19.7,19.7,12.799999999999997
214,2014-08-03,27.8,17.5,17.5,12.649999999999999
215,2014-08-04,25.9,15.8,15.8,10.850000000000001
216,2014-08-05,18.5,15.4,15.4,6.949999999999999
217,2014-08-06,20.0,16.1,16.1,8.05
218,2014-08-07,18.9,16.7,16.7,7.799999999999997
219,2014-08-08,19.5,15.7,15.7,7.600000000000001
220,2014-08-09,22.6,12.6,12.6,7.600000000000001
221,2014-08-10,18.3,12.3,12.3,5.300000000000001
222,2014-08-11,16.3,15.1,15.1,5.699999999999999
223,2014-08-12,17.2,15.2,15.2,6.199999999999999
224,2014-08-13,18.1,14.6,14.6,6.350000000000001
225,2014-08-14,17.7,15.0,15.0,6.350000000000001
226,2014-08-15,16.5,13.5,13.5,5.0
227,2014-08-16,17.3,13.4,13.4,5.350000000000001
228,2014-08-17,17.6,13.1,13.1,5.350000000000001
229,2014-08-18,16.6,14.0,14.0,5.300000000000001
230,2014-08-19,23.0,15.3,15.3,9.149999999999999
231,2014-08-20,21.8,15.1,15.1,8.45
232,2014-08-21,18.9,13.7,13.7,6.299999999999997
233,2014-08-22,14.9,12.0,12.0,3.4499999999999993
234,2014-08-23,15.1,11.0,11.0,3.0500000000000007
235,2014-08-24,14.7,9.4,10.0,2.3499999999999996
236,2014-08-25,22.4,9.7,10.0,6.199999999999999
237,2014-08-26,15.6,12.6,12.6,4.1
238,2014-08-27,23.7,15.2,15.2,9.45
239,2014-08-28,18.0,11.7,11.7,4.85
240,2014-08-29,11.9,7.4,10.0,0.9499999999999993
241,2014-08-30,19.7,5.5,10.0,4.85
242,2014-08-31,20.7,14.0,14.0,7.350000000000001
243,2014-09-01,18.3,9.3,10.0,4.15
244,2014-09-02,15.7,9.1,10.0,2.8499999999999996
245,2014-09-03,17.1,11.1,11.1,4.100000000000001
246,2014-09-04,22.4,13.2,13.2,7.799999999999997
247,2014-09-05,22.8,9.4,10.0,6.399999999999999
248,2014-09-06,24.6,9.1,10.0,7.300000000000001
249,2014-09-07,21.3,12.0,12.0,6.649999999999999
250,2014-09-08,17.2,4.6,10.0,3.5999999999999996
251,2014-09-09,18.2,4.0,10.0,4.1
252,2014-09-10,18.8,6.9,10.0,4.4
253,2014-09-11,18.7,13.6,13.6,6.149999999999999
254,2014-09-12,22.8,10.7,10.7,6.75
255,2014-09-13,13.6,2.7,10.0,1.8000000000000007
256,2014-09-14,12.1,2.2,10.0,1.0500000000000007
257,2014-09-15,13.6,10.6,10.6,2.0999999999999996
258,2014-09-16,15.2,8.2,10.0,2.5999999999999996
259,2014-09-17,17.8,5.5,10.0,3.9000000000000004
260,2014-09-18,17.4,11.1,11.1,4.25
261,2014-09-19,18.1,6.3,10.0,4.050000000000001
262,2014-09-20,14.2,6.3,10.0,2.0999999999999996
263,2014-09-21,21.0,13.0,13.0,7.0
264,2014-09-22,20.4,16.3,16.3,8.350000000000001
265,2014-09-23,19.5,7.9,10.0,4.75
266,2014-09-24,13.2,1.1,10.0,1.5999999999999996
267,2014-09-25,17.8,2.8,10.0,3.9000000000000004
268,2014-09-26,14.6,9.0,10.0,2.3000000000000007
269,2014-09-27,15.4,5.9,10.0,2.6999999999999993
270,2014-09-28,15.1,3.6,10.0,2.5500000000000007
271,2014-09-29,14.4,0.6,10.0,2.1999999999999993
272,2014-09-30,12.6,1.0,10.0,1.3000000000000007
273,2014-10-01,12.5,0.6,10.0,1.25
274,2014-10-02,8.2,-0.9,10.0,0.0
275,2014-10-03,10.0,5.3,10.0,0.0
276,2014-10-04,12.9,2.1,10.0,1.4499999999999993
277,2014-10-05,14.6,2.8,10.0,2.3000000000000007
278,2014-10-06,20.1,11.6,11.6,5.850000000000001
279,2014-10-07,15.8,1.9,10.0,2.9000000000000004
280,2014-10-08,13.2,0.9,10.0,1.5999999999999996
281,2014-10-09,14.5,10.0,10.0,2.25
282,2014-10-10,16.3,7.0,10.0,3.1500000000000004
283,2014-10-11,15.5,4.1,10.0,2.75
284,2014-10-12,8.5,4.9,10.0,0.0
285,2014-10-13,9.8,4.9,10.0,0.0
286,2014-10-14,14.5,4.2,10.0,2.25
287,2014-10-15,17.1,9.3,10.0,3.5500000000000007
288,2014-10-16,9.8,1.2,10.0,0.0
289,2014-10-17,10.7,-0.7,10.0,0.34999999999999964
290,2014-10-18,18.8,10.6,10.6,4.699999999999999
291,2014-10-19,21.5,10.5,10.5,6.0
292,2014-10-20,17.4,7.2,10.0,3.6999999999999993
293,2014-10-21,11.9,2.1,10.0,0.9499999999999993
294,2014-10-22,10.2,0.6,10.0,0.09999999999999964
295,2014-10-23,9.2,0.5,10.0,0.0
296,2014-10-24,11.2,9.1,10.0,0.5999999999999996
297,2014-10-25,10.7,7.8,10.0,0.34999999999999964
298,2014-10-26,8.9,7.0,10.0,0.0
299,2014-10-27,12.9,7.0,10.0,1.4499999999999993
300,2014-10-28,10.5,5.1,10.0,0.25
301,2014-10-29,6.6,3.3,10.0,0.0
302,2014-10-30,16.3,6.6,10.0,3.1500000000000004
303,2014-10-31,9.3,4.3,10.0,0.0
304,2014-11-01,7.9,4.5,10.0,0.0
305,2014-11-02,18.1,5.8,10.0,4.050000000000001
306,2014-11-03,18.4,7.8,10.0,4.199999999999999
307,2014-11-04,11.4,3.2,10.0,0.6999999999999993
308,2014-11-05,8.6,1.5,10.0,0.0
310,2014-11-07,14.4,5.2,10.0,2.1999999999999993
311,2014-11-08,15.5,1.7,10.0,2.75
312,2014-11-09,7.7,2.4,10.0,0.0
313,2014-11-10,12.4,2.5,10.0,1.1999999999999993
314,2014-11-11,6.9,1.4,10.0,0.0
315,2014-11-12,2.5,-1.2,10.0,0.0
316,2014-11-13,4.9,0.8,10.0,0.0
317,2014-11-14,8.9,4.1,10.0,0.0
318,2014-11-15,10.8,-1.0,10.0,0.40000000000000036
319,2014-11-16,0.6,-1.4,10.0,0.0
320,2014-11-17,5.0,-3.8,10.0,0.0
321,2014-11-18,16.2,4.9,10.0,3.0999999999999996
322,2014-11-19,6.8,-1.5,10.0,0.0
323,2014-11-20,3.3,-3.5,10.0,0.0
324,2014-11-21,8.3,-2.4,10.0,0.0
325,2014-11-22,-1.0,-3.8,10.0,0.0
326,2014-11-23,2.8,-1.1,10.0,0.0
327,2014-11-24,3.0,-3.6,10.0,0.0
328,2014-11-25,14.5,3.0,10.0,2.25
329,2014-11-26,9.5,2.3,10.0,0.0
330,2014-11-27,15.2,0.7,10.0,2.5999999999999996
331,2014-11-28,3.7,-1.1,10.0,0.0
332,2014-11-29,-1.0,-6.2,10.0,0.0
333,2014-11-30,2.3,-9.7,10.0,0.0
334,2014-12-01,11.6,1.9,10.0,0.8000000000000007
335,2014-12-02,10.6,-6.7,10.0,0.3000000000000007
336,2014-12-03,4.3,-6.5,10.0,0.0
337,2014-12-04,12.6,-0.2,10.0,1.3000000000000007
338,2014-12-05,0.0,-7.7,10.0,0.0
339,2014-12-06,1.5,-9.5,10.0,0.0
340,2014-12-07,6.8,-5.3,10.0,0.0
341,2014-12-08,-5.3,-11.0,10.0,0.0
342,2014-12-09,-0.3,-11.5,10.0,0.0
343,2014-12-10,2.4,-0.4,10.0,0.0
344,2014-12-11,5.4,1.9,10.0,0.0
345,2014-12-12,11.1,5.4,10.0,0.5500000000000007
346,2014-12-13,11.9,7.7,10.0,0.9499999999999993
347,2014-12-14,11.8,8.6,10.0,0.9000000000000004
348,2014-12-15,12.1,-0.4,10.0,1.0500000000000007
349,2014-12-16,0.0,-1.4,10.0,0.0
350,2014-12-17,0.9,-1.5,10.0,0.0
351,2014-12-18,7.3,0.8,10.0,0.0
352,2014-12-19,8.4,0.0,10.0,0.0
353,2014-12-20,1.2,-0.5,10.0,0.0
354,2014-12-21,-0.3,-4.0,10.0,0.0
355,2014-12-22,-2.0,-3.6,10.0,0.0
356,2014-12-23,-2.3,-3.5,10.0,0.0
357,2014-12-24,-0.4,-3.3,10.0,0.0
358,2014-12-25,4.0,-1.2,10.0,0.0
359,2014-12-26,6.5,0.7,10.0,0.0
360,2014-12-27,2.4,-1.1,10.0,0.0
361,2014-12-28,1.3,-1.2,10.0,0.0
362,2014-12-29,1.1,-5.3,10.0,0.0
363,2014-12-30,-3.5,-10.0,10.0,0.0
0,2015-01-01,-5.1,-16.3,10.0,0.0
1,2015-01-02,0.3,-8.0,10.0,0.0
2,2015-01-03,-3.6,-13.1,10.0,0.0
3,2015-01-04,-0.9,-13.9,10.0,0.0
4,2015-01-05,9.8,-2.4,10.0,0.0
5,2015-01-06,-2.4,-8.1,10.0,0.0
6,2015-01-07,-6.3,-8.6,10.0,0.0
7,2015-01-08,-6.3,-11.7,10.0,0.0
8,2015-01-09,3.1,-18.1,10.0,0.0
9,2015-01-10,4.1,-7.3,10.0,0.0
10,2015-01-11,-4.5,-16.0,10.0,0.0
11,2015-01-12,0.7,-11.6,10.0,0.0
12,2015-01-13,1.7,-14.3,10.0,0.0
13,2015-01-14,-5.7,-14.7,10.0,0.0
14,2015-01-15,-1.9,-8.1,10.0,0.0
15,2015-01-16,1.8,-2.9,10.0,0.0
16,2015-01-17,1.2,-10.1,10.0,0.0
17,2015-01-18,-5.5,-11.3,10.0,0.0
18,2015-01-19,4.2,-10.1,10.0,0.0
19,2015-01-20,6.7,1.7,10.0,0.0
20,2015-01-21,2.7,-7.9,10.0,0.0
21,2015-01-22,-2.0,-7.9,10.0,0.0
22,2015-01-23,1.9,-8.2,10.0,0.0
23,2015-01-24,1.5,-9.3,10.0,0.0
24,2015-01-25,9.1,0.6,10.0,0.0
25,2015-01-26,2.3,-6.7,10.0,0.0
26,2015-01-27,0.0,-9.1,10.0,0.0
27,2015-01-28,8.9,-0.1,10.0,0.0
28,2015-01-29,6.0,-3.4,10.0,0.0
29,2015-01-30,0.7,-3.4,10.0,0.0
30,2015-01-31,-0.3,-4.7,10.0,0.0
31,2015-02-01,6.7,-4.1,10.0,0.0
32,2015-02-02,-4.1,-8.6,10.0,0.0
33,2015-02-03,6.9,-7.4,10.0,0.0
34,2015-02-04,-6.7,-12.9,10.0,0.0
35,2015-02-05,0.9,-14.4,10.0,0.0
36,2015-02-06,5.3,-6.2,10.0,0.0
37,2015-02-07,-4.1,-8.9,10.0,0.0
38,2015-02-08,-2.4,-13.5,10.0,0.0
39,2015-02-09,-8.9,-12.5,10.0,0.0
40,2015-02-10,-3.4,-9.4,10.0,0.0
41,2015-02-11,-3.3,-9.3,10.0,0.0
42,2015-02-12,-1.6,-8.4,10.0,0.0
43,2015-02-13,1.5,-4.7,10.0,0.0
44,2015-02-14,-3.3,-9.7,10.0,0.0
45,2015-02-15,3.1,-14.5,10.0,0.0
46,2015-02-16,4.4,-6.4,10.0,0.0
47,2015-02-17,-3.8,-8.3,10.0,0.0
48,2015-02-18,-2.5,-6.2,10.0,0.0
49,2015-02-19,0.0,-2.5,10.0,0.0
50,2015-02-20,7.4,-2.2,10.0,0.0
51,2015-02-21,-1.9,-6.7,10.0,0.0
52,2015-02-22,6.1,-7.1,10.0,0.0
53,2015-02-23,5.0,-2.4,10.0,0.0
54,2015-02-24,-1.6,-12.5,10.0,0.0
55,2015-02-25,-0.9,-13.8,10.0,0.0
56,2015-02-26,1.6,-5.5,10.0,0.0
57,2015-02-27,-3.2,-10.7,10.0,0.0
58,2015-02-28,-6.8,-12.1,10.0,0.0
59,2015-03-01,-2.6,-13.4,10.0,0.0
60,2015-03-02,3.0,-13.6,10.0,0.0
61,2015-03-03,-0.3,-12.1,10.0,0.0
62,2015-03-04,3.7,-13.4,10.0,0.0
63,2015-03-05,0.8,-10.0,10.0,0.0
64,2015-03-06,-9.9,-12.7,10.0,0.0
65,2015-03-07,-4.7,-15.9,10.0,0.0
66,2015-03-08,-0.8,-10.6,10.0,0.0
67,2015-03-09,-3.4,-16.4,10.0,0.0
68,2015-03-10,-5.1,-18.5,10.0,0.0
69,2015-03-11,3.2,-13.7,10.0,0.0
70,2015-03-12,-0.8,-11.4,10.0,0.0
71,2015-03-13,-11.3,-15.6,10.0,0.0
72,2015-03-14,-8.6,-15.4,10.0,0.0
73,2015-03-15,-4.7,-15.6,10.0,0.0
74,2015-03-16,-0.7,-4.7,10.0,0.0
75,2015-03-17,0.5,-1.6,10.0,0.0
76,2015-03-18,0.4,-2.6,10.0,0.0
77,2015-03-19,1.8,-4.0,10.0,0.0
78,2015-03-20,1.2,-8.9,10.0,0.0
79,2015-03-21,1.9,-10.9,10.0,0.0
80,2015-03-22,6.0,-1.9,10.0,0.0
81,2015-03-23,-1.4,-6.0,10.0,0.0
82,2015-03-24,1.4,-6.2,10.0,0.0
83,2015-03-25,0.5,-8.4,10.0,0.0
84,2015-03-26,4.1,-7.3,10.0,0.0
85,2015-03-27,6.1,1.1,10.0,0.0
86,2015-03-28,4.1,-1.1,10.0,0.0
87,2015-03-29,4.0,-5.5,10.0,0.0
88,2015-03-30,2.7,-8.1,10.0,0.0
89,2015-03-31,2.7,-4.3,10.0,0.0
90,2015-04-01,5.2,-0.8,10.0,0.0
91,2015-04-02,-0.3,-6.3,10.0,0.0
92,2015-04-03,1.5,-7.3,10.0,0.0
93,2015-04-04,7.7,-1.8,10.0,0.0
94,2015-04-05,6.4,-7.3,10.0,0.0
95,2015-04-06,-0.9,-8.5,10.0,0.0
96,2015-04-07,-0.6,-11.4,10.0,0.0
97,2015-04-08,0.8,-11.9,10.0,0.0
98,2015-04-09,-2.0,-11.3,10.0,0.0
99,2015-04-10,-0.4,-10.6,10.0,0.0
100,2015-04-11,8.2,-1.9,10.0,0.0
101,2015-04-12,3.7,-2.7,10.0,0.0
102,2015-04-13,3.7,-3.3,10.0,0.0
103,2015-04-14,10.9,-1.4,10.0,0.4499999999999993
104,2015-04-15,8.8,-3.2,10.0,0.0
105,2015-04-16,-3.0,-6.6,10.0,0.0
106,2015-04-17,4.0,-6.9,10.0,0.0
107,2015-04-18,8.0,-2.2,10.0,0.0
108,2015-04-19,0.0,-3.8,10.0,0.0
109,2015-04-20,2.0,-4.0,10.0,0.0
110,2015-04-21,2.7,-3.7,10.0,0.0
111,2015-04-22,4.4,-3.5,10.0,0.0
112,2015-04-23,5.0,-0.5,10.0,0.0
113,2015-04-24,4.9,-0.5,10.0,0.0
114,2015-04-25,6.0,-0.5,10.0,0.0
115,2015-04-26,6.7,1.3,10.0,0.0
116,2015-04-27,4.9,0.5,10.0,0.0
117,2015-04-28,4.9,0.3,10.0,0.0
118,2015-04-29,7.5,-0.2,10.0,0.0
119,2015-04-30,2.3,0.7,10.0,0.0
120,2015-05-01,3.5,0.8,10.0,0.0
121,2015-05-02,8.0,1.0,10.0,0.0
122,2015-05-03,8.7,2.2,10.0,0.0
123,2015-05-04,14.4,2.3,10.0,2.1999999999999993
124,2015-05-05,15.7,1.5,10.0,2.8499999999999996
125,2015-05-06,11.3,0.0,10.0,0.6500000000000004
127,2015-05-08,2.2,-1.6,10.0,0.0
128,2015-05-09,6.8,1.0,10.0,0.0
129,2015-05-10,8.4,1.1,10.0,0.0
130,2015-05-11,9.3,-2.7,10.0,0.0
131,2015-05-12,11.8,-0.7,10.0,0.9000000000000004
132,2015-05-13,8.4,-0.2,10.0,0.0
133,2015-05-14,9.0,0.2,10.0,0.0
134,2015-05-15,17.8,0.8,10.0,3.9000000000000004
135,2015-05-16,14.8,-0.1,10.0,2.4000000000000004
136,2015-05-17,8.7,-0.6,10.0,0.0
137,2015-05-18,5.3,3.3,10.0,0.0
138,2015-05-19,16.7,3.9,10.0,3.3499999999999996
139,2015-05-20,15.6,7.6,10.0,2.8000000000000007
140,2015-05-21,14.2,1.9,10.0,2.0999999999999996
141,2015-05-22,17.4,1.3,10.0,3.6999999999999993
142,2015-05-23,13.6,4.4,10.0,1.8000000000000007
143,2015-05-24,14.4,3.1,10.0,2.1999999999999993
144,2015-05-25,18.2,7.2,10.0,4.1
145,2015-05-26,23.9,7.3,10.0,6.949999999999999
146,2015-05-27,16.7,8.7,10.0,3.3499999999999996
147,2015-05-28,19.1,8.1,10.0,4.550000000000001
148,2015-05-29,9.5,0.5,10.0,0.0
149,2015-05-30,17.2,0.6,10.0,3.5999999999999996
150,2015-05-31,19.2,3.5,10.0,4.6
151,2015-06-01,7.0,-1.8,10.0,0.0
152,2015-06-02,10.0,-2.5,10.0,0.0
153,2015-06-03,10.5,2.6,10.0,0.25
154,2015-06-04,7.7,-1.4,10.0,0.0
155,2015-06-05,13.6,-1.8,10.0,1.8000000000000007
156,2015-06-06,13.0,4.3,10.0,1.5
157,2015-06-07,15.0,3.7,10.0,2.5
158,2015-06-08,12.3,2.5,10.0,1.1500000000000004
159,2015-06-09,18.9,2.2,10.0,4.449999999999999
160,2015-06-10,19.9,4.2,10.0,4.949999999999999
161,2015-06-11,21.8,6.8,10.0,5.9
162,2015-06-12,19.8,11.9,11.9,5.850000000000001
163,2015-06-13,16.2,4.9,10.0,3.0999999999999996
164,2015-06-14,10.3,4.8,10.0,0.15000000000000036
165,2015-06-15,11.5,1.8,10.0,0.75
166,2015-06-16,16.1,4.1,10.0,3.0500000000000007
167,2015-06-17,14.3,4.6,10.0,2.1500000000000004
168,2015-06-18,23.0,3.5,10.0,6.5
169,2015-06-19,19.3,8.0,10.0,4.65
170,2015-06-20,18.6,7.1,10.0,4.300000000000001
171,2015-06-21,20.0,7.7,10.0,5.0
172,2015-06-22,16.9,7.4,10.0,3.4499999999999993
173,2015-06-23,11.8,3.8,10.0,0.9000000000000004
174,2015-06-24,11.6,4.3,10.0,0.8000000000000007
175,2015-06-25,8.0,5.6,10.0,0.0
176,2015-06-26,10.6,5.9,10.0,0.3000000000000007
177,2015-06-27,10.3,2.3,10.0,0.15000000000000036
178,2015-06-28,22.2,2.3,10.0,6.100000000000001
179,2015-06-29,17.5,8.0,10.0,3.75
180,2015-06-30,21.1,8.2,10.0,5.550000000000001
181,2015-07-01,20.8,8.2,10.0,5.4
182,2015-07-02,16.7,8.1,10.0,3.3499999999999996
183,2015-07-03,24.3,9.0,10.0,7.149999999999999
184,2015-07-04,20.8,11.6,11.6,6.199999999999999
185,2015-07-05,16.8,8.6,10.0,3.4000000000000004
186,2015-07-06,9.3,6.1,10.0,0.0
187,2015-07-07,15.2,6.2,10.0,2.5999999999999996
188,2015-07-08,19.2,9.8,10.0,4.6
189,2015-07-09,23.2,14.3,14.3,8.75
190,2015-07-10,23.3,7.9,10.0,6.649999999999999
191,2015-07-11,11.4,6.9,10.0,0.6999999999999993
192,2015-07-12,14.2,6.7,10.0,2.0999999999999996
193,2015-07-13,16.6,9.0,10.0,3.3000000000000007
194,2015-07-14,21.2,8.3,10.0,5.6
195,2015-07-15,17.5,9.9,10.0,3.75
196,2015-07-16,24.7,12.8,12.8,8.75
197,2015-07-17,19.4,7.2,10.0,4.699999999999999
198,2015-07-18,14.1,8.3,10.0,2.0500000000000007
199,2015-07-19,12.5,8.1,10.0,1.25
200,2015-07-20,11.8,8.1,10.0,0.9000000000000004
201,2015-07-21,10.3,8.4,10.0,0.15000000000000036
202,2015-07-22,11.6,8.3,10.0,0.8000000000000007
203,2015-07-23,18.6,10.1,10.1,4.350000000000001
204,2015-07-24,10.1,6.8,10.0,0.05000000000000071
205,2015-07-25,10.0,6.1,10.0,0.0
206,2015-07-26,10.2,7.0,10.0,0.09999999999999964
207,2015-07-27,19.6,7.7,10.0,4.800000000000001
208,2015-07-28,19.1,7.3,10.0,4.550000000000001
209,2015-07-29,15.4,9.8,10.0,2.6999999999999993
210,2015-07-30,13.4,9.6,10.0,1.6999999999999993
211,2015-07-31,14.2,9.6,10.0,2.0999999999999996
212,2015-08-01,14.7,9.7,10.0,2.3499999999999996
213,2015-08-02,27.4,14.6,14.6,11.0
214,2015-08-03,25.8,13.5,13.5,9.649999999999999
215,2015-08-04,21.9,11.7,11.7,6.799999999999997
216,2015-08-05,26.0,12.3,12.3,9.149999999999999
217,2015-08-06,22.5,14.9,14.9,8.7
218,2015-08-07,24.4,12.0,12.0,8.2
219,2015-08-08,16.3,10.7,10.7,3.5
220,2015-08-09,11.9,10.1,10.1,1.0
221,2015-08-10,25.2,10.8,10.8,8.0
222,2015-08-11,24.6,10.1,10.1,7.350000000000001
223,2015-08-12,20.3,8.6,10.0,5.15
224,2015-08-13,24.8,20.2,20.2,12.5
225,2015-08-14,22.7,16.6,16.6,9.649999999999999
226,2015-08-15,25.6,14.4,14.4,10.0
227,2015-08-16,25.4,15.8,15.8,10.600000000000001
228,2015-08-17,21.5,12.0,12.0,6.75
229,2015-08-18,28.0,13.4,13.4,10.7
230,2015-08-19,15.9,12.6,12.6,4.25
231,2015-08-20,17.7,12.7,12.7,5.199999999999999
232,2015-08-21,25.0,15.2,15.2,10.100000000000001
233,2015-08-22,26.8,18.7,18.7,12.75
234,2015-08-23,24.5,18.8,18.8,11.649999999999999
235,2015-08-24,20.4,14.1,14.1,7.25
236,2015-08-25,15.2,11.1,11.1,3.1499999999999986
237,2015-08-26,16.1,8.8,10.0,3.0500000000000007
238,2015-08-27,20.5,10.1,10.1,5.300000000000001
239,2015-08-28,21.8,12.3,12.3,7.050000000000001
240,2015-08-29,23.2,12.1,12.1,7.649999999999999
241,2015-08-30,21.8,11.9,11.9,6.850000000000001
242,2015-08-31,21.3,15.3,15.3,8.3
243,2015-09-01,20.5,10.4,10.4,5.449999999999999
244,2015-09-02,11.2,4.9,10.0,0.5999999999999996
245,2015-09-03,21.6,5.1,10.0,5.800000000000001
246,2015-09-04,15.5,7.9,10.0,2.75
247,2015-09-05,17.5,6.7,10.0,3.75
248,2015-09-06,15.8,5.3,10.0,2.9000000000000004
249,2015-09-07,22.1,9.4,10.0,6.050000000000001
250,2015-09-08,10.6,1.6,10.0,0.3000000000000007
251,2015-09-09,14.3,0.6,10.0,2.1500000000000004
252,2015-09-10,22.4,12.3,12.3,7.350000000000001
253,2015-09-11,20.6,12.8,12.8,6.700000000000003
254,2015-09-12,16.0,12.1,12.1,4.050000000000001
255,2015-09-13,24.3,12.0,12.0,8.149999999999999
256,2015-09-14,15.3,11.1,11.1,3.1999999999999993
257,2015-09-15,19.6,12.8,12.8,6.200000000000003
258,2015-09-16,14.5,7.6,10.0,2.25
260,2015-09-18,16.1,5.0,10.0,3.0500000000000007
261,2015-09-19,22.0,5.8,10.0,6.0
262,2015-09-20,22.2,10.5,10.5,6.350000000000001
263,2015-09-21,19.1,7.1,10.0,4.550000000000001
264,2015-09-22,14.2,3.5,10.0,2.0999999999999996
265,2015-09-23,19.2,2.8,10.0,4.6
266,2015-09-24,19.2,5.7,10.0,4.6
267,2015-09-25,12.7,3.4,10.0,1.3499999999999996
268,2015-09-26,9.0,2.3,10.0,0.0
269,2015-09-27,12.8,1.6,10.0,1.4000000000000004
270,2015-09-28,19.8,12.6,12.6,6.199999999999999
271,2015-09-29,23.7,13.5,13.5,8.600000000000001
272,2015-09-30,24.4,13.3,13.3,8.850000000000001
273,2015-10-01,22.4,14.4,14.4,8.399999999999999
274,2015-10-02,16.9,6.3,10.0,3.4499999999999993
275,2015-10-03,6.6,4.9,10.0,0.0
276,2015-10-04,8.3,2.3,10.0,0.0
277,2015-10-05,14.9,1.4,10.0,2.4499999999999993
278,2015-10-06,17.7,4.8,10.0,3.8499999999999996
279,2015-10-07,8.6,7.0,10.0,0.0
280,2015-10-08,16.3,6.1,10.0,3.1500000000000004
281,2015-10-09,11.6,1.5,10.0,0.8000000000000007
282,2015-10-10,15.2,3.8,10.0,2.5999999999999996
283,2015-10-11,9.6,3.0,10.0,0.0
284,2015-10-12,14.6,4.7,10.0,2.3000000000000007
285,2015-10-13,17.3,4.7,10.0,3.6500000000000004
286,2015-10-14,22.8,12.4,12.4,7.600000000000001
287,2015-10-15,18.5,10.1,10.1,4.300000000000001
288,2015-10-16,11.6,2.0,10.0,0.8000000000000007
289,2015-10-17,13.0,-0.4,10.0,1.5
290,2015-10-18,11.8,-1.1,10.0,0.9000000000000004
291,2015-10-19,6.8,3.2,10.0,0.0
292,2015-10-20,11.4,3.2,10.0,0.6999999999999993
293,2015-10-21,11.2,3.3,10.0,0.5999999999999996
294,2015-10-22,8.4,2.3,10.0,0.0
295,2015-10-23,13.5,3.8,10.0,1.75
296,2015-10-24,4.3,-2.3,10.0,0.0
297,2015-10-25,9.8,-2.3,10.0,0.0
298,2015-10-26,14.9,1.6,10.0,2.4499999999999993
299,2015-10-27,3.3,0.1,10.0,0.0
300,2015-10-28,3.2,0.4,10.0,0.0
301,2015-10-29,13.8,-0.8,10.0,1.9000000000000004
302,2015-10-30,16.6,4.5,10.0,3.3000000000000007
303,2015-10-31,6.6,3.2,10.0,0.0
304,2015-11-01,8.0,0.1,10.0,0.0
305,2015-11-02,12.0,2.7,10.0,1.0
306,2015-11-03,3.7,-0.8,10.0,0.0
307,2015-11-04,1.8,-1.1,10.0,0.0
308,2015-11-05,2.2,-1.9,10.0,0.0
309,2015-11-06,7.5,-0.8,10.0,0.0
310,2015-11-07,14.0,4.3,10.0,2.0
311,2015-11-08,6.2,1.2,10.0,0.0
312,2015-11-09,3.0,0.5,10.0,0.0
313,2015-11-10,7.3,-0.8,10.0,0.0
314,2015-11-11,4.1,-3.3,10.0,0.0
315,2015-11-12,1.3,-2.3,10.0,0.0
316,2015-11-13,4.6,0.8,10.0,0.0
317,2015-11-14,5.5,4.1,10.0,0.0
318,2015-11-15,5.7,1.2,10.0,0.0
319,2015-11-16,2.2,0.7,10.0,0.0
320,2015-11-17,3.3,0.7,10.0,0.0
321,2015-11-18,1.4,-0.8,10.0,0.0
322,2015-11-19,0.8,-0.7,10.0,0.0
323,2015-11-20,3.6,-0.3,10.0,0.0
324,2015-11-21,3.8,-2.4,10.0,0.0
325,2015-11-22,7.2,-2.5,10.0,0.0
326,2015-11-23,7.5,2.7,10.0,0.0
327,2015-11-24,9.6,1.3,10.0,0.0
328,2015-11-25,2.1,-1.5,10.0,0.0
329,2015-11-26,2.7,-3.4,10.0,0.0
330,2015-11-27,10.1,2.7,10.0,0.05000000000000071
331,2015-11-28,10.2,0.0,10.0,0.09999999999999964
333,2015-11-30,-4.6,-8.4,10.0,0.0
334,2015-12-01,0.7,-9.7,10.0,0.0
335,2015-12-02,6.1,-0.1,10.0,0.0
336,2015-12-03,11.4,-2.4,10.0,0.6999999999999993
337,2015-12-04,-2.3,-5.0,10.0,0.0
338,2015-12-05,-0.3,-6.5,10.0,0.0
339,2015-12-06,2.1,-6.8,10.0,0.0
340,2015-12-07,4.5,1.6,10.0,0.0
341,2015-12-08,3.1,-1.5,10.0,0.0
342,2015-12-09,-0.4,-1.7,10.0,0.0
343,2015-12-10,1.9,-0.7,10.0,0.0
344,2015-12-11,5.3,1.8,10.0,0.0
345,2015-12-12,6.9,3.6,10.0,0.0
346,2015-12-13,5.1,-0.9,10.0,0.0
347,2015-12-14,0.1,-1.9,10.0,0.0
348,2015-12-15,0.0,-1.3,10.0,0.0
349,2015-12-16,-0.1,-2.1,10.0,0.0
350,2015-12-17,-1.6,-6.9,10.0,0.0
351,2015-12-18,2.5,-7.1,10.0,0.0
352,2015-12-19,11.6,0.4,10.0,0.8000000000000007
353,2015-12-20,0.7,-2.4,10.0,0.0
354,2015-12-21,-0.1,-2.1,10.0,0.0
355,2015-12-22,-0.8,-12.9,10.0,0.0
356,2015-12-23,-3.3,-13.3,10.0,0.0
357,2015-12-24,1.2,-5.9,10.0,0.0
358,2015-12-25,7.9,1.2,10.0,0.0
359,2015-12-26,1.4,-2.3,10.0,0.0
360,2015-12-27,-1.5,-5.7,10.0,0.0
361,2015-12-28,-5.7,-10.9,10.0,0.0
362,2015-12-29,-6.6,-11.5,10.0,0.0
363,2015-12-30,-5.7,-11.7,10.0,0.0
364,2015-12-31,-1.6,-9.3,10.0,0.0
0,2016-01-01,0.8,-4.4,10.0,0.0
1,2016-01-02,0.2,-4.5,10.0,0.0
2,2016-01-03,1.1,-3.3,10.0,0.0
3,2016-01-04,3.6,-4.6,10.0,0.0
4,2016-01-05,-4.6,-11.9,10.0,0.0
5,2016-01-06,-0.8,-11.7,10.0,0.0
6,2016-01-07,-0.1,-4.1,10.0,0.0
7,2016-01-08,-4.0,-8.4,10.0,0.0
8,2016-01-09,-2.9,-6.9,10.0,0.0
9,2016-01-10,-3.4,-5.4,10.0,0.0
10,2016-01-11,2.8,-6.9,10.0,0.0
11,2016-01-12,3.8,-8.2,10.0,0.0
12,2016-01-13,3.2,-8.1,10.0,0.0
13,2016-01-14,0.0,-4.2,10.0,0.0
14,2016-01-15,-2.0,-6.5,10.0,0.0
15,2016-01-16,-0.8,-6.0,10.0,0.0
16,2016-01-17,-0.8,-3.5,10.0,0.0
17,2016-01-18,-0.6,-3.6,10.0,0.0
18,2016-01-19,-0.5,-7.3,10.0,0.0
19,2016-01-20,-1.6,-6.6,10.0,0.0
20,2016-01-21,-2.5,-8.3,10.0,0.0
21,2016-01-22,-3.2,-8.5,10.0,0.0
22,2016-01-23,-3.7,-6.7,10.0,0.0
23,2016-01-24,-3.6,-7.7,10.0,0.0
24,2016-01-25,-3.6,-10.8,10.0,0.0
25,2016-01-26,5.6,-12.2,10.0,0.0
26,2016-01-27,7.0,-0.1,10.0,0.0
27,2016-01-28,0.0,-8.4,10.0,0.0
28,2016-01-29,0.0,-8.5,10.0,0.0
29,2016-01-30,3.2,-6.1,10.0,0.0
30,2016-01-31,0.5,-7.3,10.0,0.0
31,2016-02-01,9.6,0.4,10.0,0.0
32,2016-02-02,6.9,-6.7,10.0,0.0
33,2016-02-03,-4.6,-8.6,10.0,0.0
34,2016-02-04,8.6,-4.9,10.0,0.0
35,2016-02-05,5.7,0.6,10.0,0.0
36,2016-02-06,12.3,-5.9,10.0,1.1500000000000004
37,2016-02-07,-0.5,-6.3,10.0,0.0
38,2016-02-08,-3.1,-7.1,10.0,0.0
39,2016-02-09,1.1,-3.1,10.0,0.0
40,2016-02-10,1.4,-2.1,10.0,0.0
41,2016-02-11,-1.0,-8.7,10.0,0.0
42,2016-02-12,-1.6,-10.5,10.0,0.0
43,2016-02-13,-0.9,-8.8,10.0,0.0
44,2016-02-14,-3.3,-9.6,10.0,0.0
45,2016-02-15,-7.3,-11.7,10.0,0.0
46,2016-02-16,3.5,-8.4,10.0,0.0
47,2016-02-17,11.4,2.5,10.0,0.6999999999999993
48,2016-02-18,9.7,-2.2,10.0,0.0
49,2016-02-19,-2.1,-6.3,10.0,0.0
50,2016-02-20,-2.3,-12.1,10.0,0.0
51,2016-02-21,-1.5,-11.8,10.0,0.0
52,2016-02-22,4.2,-1.5,10.0,0.0
53,2016-02-23,-1.1,-12.9,10.0,0.0
54,2016-02-24,-3.0,-14.4,10.0,0.0
55,2016-02-25,12.6,-3.0,10.0,1.3000000000000007
56,2016-02-26,12.9,3.8,10.0,1.4499999999999993
57,2016-02-27,3.8,-5.3,10.0,0.0
58,2016-02-28,2.1,-6.7,10.0,0.0
59,2016-02-29,6.8,-6.5,10.0,0.0
60,2016-03-01,8.9,-2.4,10.0,0.0
61,2016-03-02,4.3,-4.4,10.0,0.0
62,2016-03-03,5.0,-4.8,10.0,0.0
63,2016-03-04,-1.7,-7.6,10.0,0.0
64,2016-03-05,5.6,-8.9,10.0,0.0
65,2016-03-06,5.1,-3.9,10.0,0.0
66,2016-03-07,-3.0,-9.8,10.0,0.0
67,2016-03-08,0.5,-7.9,10.0,0.0
68,2016-03-09,-3.3,-10.2,10.0,0.0
69,2016-03-10,1.2,-8.7,10.0,0.0
70,2016-03-11,-1.9,-11.8,10.0,0.0
71,2016-03-12,-4.1,-10.9,10.0,0.0
72,2016-03-13,-1.1,-11.1,10.0,0.0
73,2016-03-14,-3.5,-7.4,10.0,0.0
74,2016-03-15,-1.1,-10.8,10.0,0.0
75,2016-03-16,2.1,-10.8,10.0,0.0
76,2016-03-17,3.7,-4.1,10.0,0.0
77,2016-03-18,1.4,-5.1,10.0,0.0
78,2016-03-19,3.6,-6.2,10.0,0.0
79,2016-03-20,-1.5,-6.3,10.0,0.0
80,2016-03-21,1.5,-7.2,10.0,0.0
81,2016-03-22,6.4,-5.3,10.0,0.0
82,2016-03-23,1.7,-7.6,10.0,0.0
83,2016-03-24,-2.5,-7.8,10.0,0.0
84,2016-03-25,-0.1,-7.0,10.0,0.0
85,2016-03-26,1.1,-6.1,10.0,0.0
86,2016-03-27,2.4,-8.3,10.0,0.0
87,2016-03-28,6.0,-6.6,10.0,0.0
88,2016-03-29,8.9,-0.3,10.0,0.0
89,2016-03-30,1.7,-2.2,10.0,0.0
90,2016-03-31,7.4,-1.9,10.0,0.0
91,2016-04-01,11.9,2.9,10.0,0.9499999999999993
92,2016-04-02,15.4,5.4,10.0,2.6999999999999993
93,2016-04-03,13.9,2.1,10.0,1.9499999999999993
94,2016-04-04,2.3,-4.5,10.0,0.0
95,2016-04-05,-2.5,-4.8,10.0,0.0
96,2016-04-06,-3.4,-7.4,10.0,0.0
97,2016-04-07,2.8,-7.1,10.0,0.0
98,2016-04-08,4.4,0.3,10.0,0.0
99,2016-04-09,13.5,3.3,10.0,1.75
100,2016-04-10,10.2,-1.0,10.0,0.09999999999999964
101,2016-04-11,4.1,-2.5,10.0,0.0
103,2016-04-13,12.2,1.5,10.0,1.0999999999999996
104,2016-04-14,14.1,1.4,10.0,2.0500000000000007
105,2016-04-15,8.1,-1.3,10.0,0.0
106,2016-04-16,5.0,-0.7,10.0,0.0
107,2016-04-17,9.5,-1.1,10.0,0.0
108,2016-04-18,5.0,-2.3,10.0,0.0
109,2016-04-19,-1.1,-2.7,10.0,0.0
110,2016-04-20,-0.3,-3.0,10.0,0.0
111,2016-04-21,0.6,-3.9,10.0,0.0
112,2016-04-22,4.1,-1.9,10.0,0.0
113,2016-04-23,9.3,-2.7,10.0,0.0
114,2016-04-24,11.9,-2.7,10.0,0.9499999999999993
115,2016-04-25,7.0,-2.9,10.0,0.0
116,2016-04-26,4.8,-4.2,10.0,0.0
117,2016-04-27,7.9,-1.8,10.0,0.0
118,2016-04-28,5.0,-2.7,10.0,0.0
119,2016-04-29,6.3,-0.2,10.0,0.0
120,2016-04-30,10.2,-3.2,10.0,0.09999999999999964
121,2016-05-01,6.2,-4.0,10.0,0.0
122,2016-05-02,8.7,-0.7,10.0,0.0
123,2016-05-03,11.1,-1.5,10.0,0.5500000000000007
124,2016-05-04,13.1,2.1,10.0,1.5500000000000007
125,2016-05-05,5.3,0.6,10.0,0.0
126,2016-05-06,15.2,0.9,10.0,2.5999999999999996
127,2016-05-07,14.8,7.5,10.0,2.4000000000000004
128,2016-05-08,21.2,9.5,10.0,5.6
129,2016-05-09,19.7,1.2,10.0,4.85
130,2016-05-10,10.7,1.2,10.0,0.34999999999999964
131,2016-05-11,8.5,-1.7,10.0,0.0
132,2016-05-12,6.8,-2.7,10.0,0.0
133,2016-05-13,7.6,-0.1,10.0,0.0
134,2016-05-14,12.7,2.3,10.0,1.3499999999999996
135,2016-05-15,13.1,2.3,10.0,1.5500000000000007
136,2016-05-16,15.2,2.4,10.0,2.5999999999999996
137,2016-05-17,9.0,3.6,10.0,0.0
138,2016-05-18,11.7,1.7,10.0,0.8499999999999996
139,2016-05-19,16.4,3.0,10.0,3.1999999999999993
140,2016-05-20,18.2,5.3,10.0,4.1
141,2016-05-21,20.3,3.4,10.0,5.15
142,2016-05-22,10.4,1.5,10.0,0.1999999999999993
143,2016-05-23,17.7,2.3,10.0,3.8499999999999996
144,2016-05-24,24.3,6.4,10.0,7.149999999999999
145,2016-05-25,23.4,14.4,14.4,8.899999999999999
146,2016-05-26,15.0,2.9,10.0,2.5
147,2016-05-27,6.6,0.1,10.0,0.0
148,2016-05-28,5.3,-0.3,10.0,0.0
149,2016-05-29,4.6,-1.1,10.0,0.0
150,2016-05-30,14.4,-0.9,10.0,2.1999999999999993
151,2016-05-31,11.5,4.8,10.0,0.75
152,2016-06-01,11.1,0.6,10.0,0.5500000000000007
153,2016-06-02,9.1,-1.8,10.0,0.0
154,2016-06-03,14.1,-1.6,10.0,2.0500000000000007
155,2016-06-04,8.4,1.7,10.0,0.0
156,2016-06-05,10.8,1.7,10.0,0.40000000000000036
157,2016-06-06,11.6,2.9,10.0,0.8000000000000007
158,2016-06-07,11.6,3.4,10.0,0.8000000000000007
159,2016-06-08,5.1,3.5,10.0,0.0
160,2016-06-09,13.3,4.4,10.0,1.6500000000000004
161,2016-06-10,9.0,4.6,10.0,0.0
162,2016-06-11,14.5,4.6,10.0,2.25
163,2016-06-12,15.7,5.0,10.0,2.8499999999999996
164,2016-06-13,11.6,4.6,10.0,0.8000000000000007
165,2016-06-14,16.7,9.4,10.0,3.3499999999999996
166,2016-06-15,18.0,8.1,10.0,4.0
167,2016-06-16,13.6,7.2,10.0,1.8000000000000007
168,2016-06-17,8.8,4.3,10.0,0.0
169,2016-06-18,7.8,1.5,10.0,0.0
170,2016-06-19,22.7,1.8,10.0,6.350000000000001
171,2016-06-20,25.6,12.7,12.7,9.149999999999999
172,2016-06-21,23.0,12.2,12.2,7.600000000000001
173,2016-06-22,21.3,14.5,14.5,7.899999999999999
174,2016-06-23,21.3,9.5,10.0,5.65
175,2016-06-24,17.7,9.3,10.0,3.8499999999999996
176,2016-06-25,21.7,9.2,10.0,5.85
177,2016-06-26,23.6,11.2,11.2,7.399999999999999
178,2016-06-27,23.9,12.5,12.5,8.2
179,2016-06-28,25.8,13.4,13.4,9.600000000000001
180,2016-06-29,26.1,18.0,18.0,12.05
181,2016-06-30,26.2,17.1,17.1,11.649999999999999
182,2016-07-01,25.0,13.9,13.9,9.45
183,2016-07-02,17.4,9.0,10.0,3.6999999999999993
184,2016-07-03,13.5,9.1,10.0,1.75
185,2016-07-04,19.6,10.6,10.6,5.100000000000001
186,2016-07-05,22.7,8.3,10.0,6.350000000000001
187,2016-07-06,11.7,7.3,10.0,0.8499999999999996
188,2016-07-07,10.8,4.6,10.0,0.40000000000000036
189,2016-07-08,14.6,3.5,10.0,2.3000000000000007
190,2016-07-09,14.3,2.5,10.0,2.1500000000000004
191,2016-07-10,9.2,5.5,10.0,0.0
192,2016-07-11,11.4,8.4,10.0,0.6999999999999993
193,2016-07-12,10.0,7.9,10.0,0.0
194,2016-07-13,11.3,5.0,10.0,0.6500000000000004
195,2016-07-14,21.1,5.9,10.0,5.550000000000001
196,2016-07-15,23.5,15.8,15.8,9.649999999999999
197,2016-07-16,25.4,16.0,16.0,10.7
198,2016-07-17,26.3,15.7,15.7,11.0
199,2016-07-18,22.9,15.4,15.4,9.149999999999999
200,2016-07-19,25.0,15.1,15.1,10.05
201,2016-07-20,20.7,12.4,12.4,6.550000000000001
202,2016-07-21,21.8,12.3,12.3,7.050000000000001
203,2016-07-22,26.5,10.2,10.2,8.350000000000001
204,2016-07-23,25.8,15.6,15.6,10.7
205,2016-07-24,23.6,17.4,17.4,10.5
206,2016-07-25,24.8,12.1,12.1,8.45
207,2016-07-26,20.8,12.3,12.3,6.550000000000001
208,2016-07-27,23.0,13.0,13.0,8.0
209,2016-07-28,26.2,16.9,16.9,11.549999999999997
210,2016-07-29,26.8,17.3,17.3,12.05
211,2016-07-30,24.5,16.3,16.3,10.399999999999999
212,2016-07-31,21.3,13.0,13.0,7.149999999999999
213,2016-08-01,22.3,13.0,13.0,7.649999999999999
214,2016-08-02,15.0,8.9,10.0,2.5
215,2016-08-03,13.8,4.1,10.0,1.9000000000000004
216,2016-08-04,19.1,4.9,10.0,4.550000000000001
217,2016-08-05,23.0,15.2,15.2,9.100000000000001
218,2016-08-06,25.5,16.2,16.2,10.850000000000001
219,2016-08-07,18.0,15.8,15.8,6.899999999999999
220,2016-08-08,25.3,15.2,15.2,10.25
221,2016-08-09,22.6,13.7,13.7,8.149999999999999
222,2016-08-10,23.0,11.7,11.7,7.350000000000001
223,2016-08-11,24.7,14.7,14.7,9.7
224,2016-08-12,22.9,13.4,13.4,8.149999999999999
225,2016-08-13,19.5,9.5,10.0,4.75
226,2016-08-14,20.0,10.5,10.5,5.25
227,2016-08-15,21.5,9.0,10.0,5.75
228,2016-08-16,20.5,9.7,10.0,5.25
229,2016-08-17,24.0,8.6,10.0,7.0
230,2016-08-18,17.0,11.8,11.8,4.4
231,2016-08-19,15.0,11.2,11.2,3.0999999999999996
232,2016-08-20,15.8,7.2,10.0,2.9000000000000004
233,2016-08-21,19.4,6.8,10.0,4.699999999999999
234,2016-08-22,21.8,10.8,10.8,6.300000000000001
235,2016-08-23,22.1,14.4,14.4,8.25
236,2016-08-24,24.0,13.1,13.1,8.55
237,2016-08-25,24.5,15.9,15.9,10.2
238,2016-08-26,21.9,17.5,17.5,9.7
239,2016-08-27,21.3,10.3,10.3,5.800000000000001
240,2016-08-28,18.3,8.2,10.0,4.15
241,2016-08-29,22.0,7.4,10.0,6.0
242,2016-08-30,16.5,7.5,10.0,3.25
243,2016-08-31,18.1,6.4,10.0,4.050000000000001
244,2016-09-01,14.6,9.2,10.0,2.3000000000000007
245,2016-09-02,11.4,8.4,10.0,0.6999999999999993
246,2016-09-03,13.1,3.7,10.0,1.5500000000000007
247,2016-09-04,12.6,2.1,10.0,1.3000000000000007
248,2016-09-05,20.4,2.5,10.0,5.199999999999999
249,2016-09-06,22.9,12.9,12.9,7.899999999999999
250,2016-09-07,25.3,18.6,18.6,11.950000000000003
251,2016-09-08,20.0,10.1,10.1,5.050000000000001
252,2016-09-09,18.6,10.5,10.5,4.550000000000001
253,2016-09-10,18.3,2.8,10.0,4.15
254,2016-09-11,16.6,1.5,10.0,3.3000000000000007
255,2016-09-12,18.4,11.5,11.5,4.949999999999999
256,2016-09-13,22.1,11.5,11.5,6.800000000000001
257,2016-09-14,24.0,14.1,14.1,9.05
258,2016-09-15,18.1,7.2,10.0,4.050000000000001
259,2016-09-16,15.5,6.1,10.0,2.75
260,2016-09-17,18.9,9.9,10.0,4.449999999999999
261,2016-09-18,19.3,11.9,11.9,5.600000000000001
262,2016-09-19,16.7,7.5,10.0,3.3499999999999996
263,2016-09-20,11.0,7.8,10.0,0.5
264,2016-09-21,20.7,11.0,11.0,5.85
265,2016-09-22,18.8,9.5,10.0,4.4
266,2016-09-23,14.7,9.3,10.0,2.3499999999999996
267,2016-09-24,15.3,1.4,10.0,2.6500000000000004
268,2016-09-25,12.1,0.9,10.0,1.0500000000000007
269,2016-09-26,11.0,2.0,10.0,0.5
270,2016-09-27,11.3,5.1,10.0,0.6500000000000004
271,2016-09-28,10.0,3.4,10.0,0.0
272,2016-09-29,12.1,5.3,10.0,1.0500000000000007
273,2016-09-30,13.0,5.1,10.0,1.5
274,2016-10-01,16.6,3.7,10.0,3.3000000000000007
275,2016-10-02,13.8,0.2,10.0,1.9000000000000004
276,2016-10-03,11.4,2.7,10.0,0.6999999999999993
277,2016-10-04,10.1,2.8,10.0,0.05000000000000071
278,2016-10-05,16.7,6.7,10.0,3.3499999999999996
279,2016-10-06,19.4,4.4,10.0,4.699999999999999
280,2016-10-07,18.4,5.0,10.0,4.199999999999999
281,2016-10-08,9.6,3.5,10.0,0.0
282,2016-10-09,14.6,4.2,10.0,2.3000000000000007
283,2016-10-10,16.2,13.3,13.3,4.75
284,2016-10-11,17.5,3.7,10.0,3.75
285,2016-10-12,14.5,2.0,10.0,2.25
286,2016-10-13,17.4,3.4,10.0,3.6999999999999993
287,2016-10-14,14.3,7.6,10.0,2.1500000000000004
288,2016-10-15,12.6,3.0,10.0,1.3000000000000007
289,2016-10-16,7.9,3.2,10.0,0.0
290,2016-10-17,11.6,2.2,10.0,0.8000000000000007
291,2016-10-18,9.0,2.0,10.0,0.0
292,2016-10-19,15.3,1.2,10.0,2.6500000000000004
293,2016-10-20,10.2,-1.5,10.0,0.09999999999999964
294,2016-10-21,7.6,-2.7,10.0,0.0
295,2016-10-22,20.0,7.0,10.0,5.0
296,2016-10-23,21.0,10.9,10.9,5.949999999999999
297,2016-10-24,11.5,6.0,10.0,0.75
298,2016-10-25,12.6,0.8,10.0,1.3000000000000007
299,2016-10-26,6.8,-0.1,10.0,0.0
300,2016-10-27,4.7,1.2,10.0,0.0
301,2016-10-28,2.6,-1.7,10.0,0.0
302,2016-10-29,8.8,-0.5,10.0,0.0
303,2016-10-30,13.8,7.0,10.0,1.9000000000000004
304,2016-10-31,8.3,3.3,10.0,0.0
305,2016-11-01,6.4,3.4,10.0,0.0
306,2016-11-02,12.7,6.4,10.0,1.3499999999999996
307,2016-11-03,13.9,5.7,10.0,1.9499999999999993
308,2016-11-04,11.2,5.7,10.0,0.5999999999999996
309,2016-11-05,11.2,2.8,10.0,0.5999999999999996
310,2016-11-06,3.9,-1.0,10.0,0.0
311,2016-11-07,6.4,-1.0,10.0,0.0
312,2016-11-08,9.9,-1.7,10.0,0.0
313,2016-11-09,8.4,0.6,10.0,0.0
314,2016-11-10,8.1,2.9,10.0,0.0
315,2016-11-11,11.2,2.8,10.0,0.5999999999999996
316,2016-11-12,10.3,-1.9,10.0,0.15000000000000036
317,2016-11-13,8.7,-0.8,10.0,0.0
318,2016-11-14,10.3,1.1,10.0,0.15000000000000036
319,2016-11-15,12.8,1.6,10.0,1.4000000000000004
320,2016-11-16,8.1,5.2,10.0,0.0
321,2016-11-17,17.5,7.9,10.0,3.75
322,2016-11-18,16.3,9.8,10.0,3.1500000000000004
323,2016-11-19,9.8,5.5,10.0,0.0
324,2016-11-20,14.2,8.5,10.0,2.0999999999999996
325,2016-11-21,14.6,11.0,11.0,2.8000000000000007
326,2016-11-22,15.6,9.7,10.0,2.8000000000000007
327,2016-11-23,10.8,0.1,10.0,0.40000000000000036
328,2016-11-24,3.8,-0.2,10.0,0.0
329,2016-11-25,1.9,-1.5,10.0,0.0
330,2016-11-26,-0.1,-3.3,10.0,0.0
331,2016-11-27,9.5,-2.1,10.0,0.0
332,2016-11-28,8.8,2.4,10.0,0.0
333,2016-11-29,3.7,0.2,10.0,0.0
334,2016-11-30,0.6,-1.3,10.0,0.0
335,2016-12-01,0.7,-1.7,10.0,0.0
336,2016-12-02,2.8,0.2,10.0,0.0
337,2016-12-03,2.9,0.6,10.0,0.0
338,2016-12-04,1.2,-1.9,10.0,0.0
339,2016-12-05,-1.7,-5.5,10.0,0.0
340,2016-12-06,-4.3,-5.7,10.0,0.0
341,2016-12-07,-3.5,-6.5,10.0,0.0
342,2016-12-08,2.1,-6.3,10.0,0.0
343,2016-12-09,2.5,-2.2,10.0,0.0
344,2016-12-10,-0.5,-5.8,10.0,0.0
345,2016-12-11,-4.0,-9.2,10.0,0.0
346,2016-12-12,-6.7,-8.8,10.0,0.0
347,2016-12-13,-1.6,-6.8,10.0,0.0
348,2016-12-14,0.8,-11.2,10.0,0.0
349,2016-12-15,0.7,-8.7,10.0,0.0
350,2016-12-16,1.5,-8.8,10.0,0.0
351,2016-12-17,-4.9,-10.0,10.0,0.0
352,2016-12-18,10.7,-5.6,10.0,0.34999999999999964
353,2016-12-19,9.5,-9.7,10.0,0.0
354,2016-12-20,-2.6,-10.6,10.0,0.0
356,2016-12-22,1.0,-2.6,10.0,0.0
357,2016-12-23,0.6,-5.6,10.0,0.0
358,2016-12-24,3.0,-7.9,10.0,0.0
359,2016-12-25,5.8,-2.8,10.0,0.0
360,2016-12-26,-2.5,-10.7,10.0,0.0
361,2016-12-27,4.1,-11.7,10.0,0.0
362,2016-12-28,2.0,-2.8,10.0,0.0
363,2016-12-29,-1.0,-6.1,10.0,0.0
364,2016-12-30,4.6,-4.5,10.0,0.0
365,2016-12-31,3.9,-1.2,10.0,0.0
0,2017-01-01,-0.3,-4.0,10.0,0.0
1,2017-01-02,0.1,-1.4,10.0,0.0
2,2017-01-03,-1.1,-4.6,10.0,0.0
3,2017-01-04,0.3,-4.6,10.0,0.0
4,2017-01-05,6.6,0.1,10.0,0.0
5,2017-01-06,2.4,-0.5,10.0,0.0
6,2017-01-07,0.6,-7.4,10.0,0.0
7,2017-01-08,8.7,-6.0,10.0,0.0
8,2017-01-09,-1.2,-9.7,10.0,0.0
9,2017-01-10,-5.6,-12.7,10.0,0.0
10,2017-01-11,-1.7,-12.9,10.0,0.0
11,2017-01-12,3.3,-2.8,10.0,0.0
12,2017-01-13,8.2,-4.9,10.0,0.0
13,2017-01-14,-4.9,-11.8,10.0,0.0
14,2017-01-15,-4.1,-12.0,10.0,0.0
15,2017-01-16,-6.4,-18.5,10.0,0.0
16,2017-01-17,-1.2,-13.6,10.0,0.0
17,2017-01-18,-1.0,-5.5,10.0,0.0
18,2017-01-19,-1.0,-11.9,10.0,0.0
19,2017-01-20,-1.9,-6.9,10.0,0.0
20,2017-01-21,-1.5,-4.0,10.0,0.0
21,2017-01-22,-2.5,-5.3,10.0,0.0
22,2017-01-23,-4.9,-12.4,10.0,0.0
23,2017-01-24,-1.6,-15.2,10.0,0.0
24,2017-01-25,-0.6,-13.4,10.0,0.0
25,2017-01-26,4.0,-0.7,10.0,0.0
26,2017-01-27,5.9,-1.4,10.0,0.0
27,2017-01-28,2.4,-2.4,10.0,0.0
28,2017-01-29,0.6,-2.7,10.0,0.0
29,2017-01-30,3.1,-7.1,10.0,0.0
30,2017-01-31,-3.1,-8.1,10.0,0.0
31,2017-02-01,-2.9,-11.3,10.0,0.0
32,2017-02-02,-4.1,-10.1,10.0,0.0
33,2017-02-03,-0.5,-11.5,10.0,0.0
34,2017-02-04,-7.5,-12.6,10.0,0.0
35,2017-02-05,-10.4,-13.6,10.0,0.0
36,2017-02-06,1.9,-12.7,10.0,0.0
37,2017-02-07,-9.1,-14.6,10.0,0.0
38,2017-02-08,5.9,-18.0,10.0,0.0
39,2017-02-09,6.2,-3.8,10.0,0.0
40,2017-02-10,9.2,-3.9,10.0,0.0
41,2017-02-11,-3.5,-8.4,10.0,0.0
42,2017-02-12,-5.5,-8.7,10.0,0.0
43,2017-02-13,-2.0,-8.1,10.0,0.0
44,2017-02-14,-0.1,-2.7,10.0,0.0
45,2017-02-15,-0.6,-1.9,10.0,0.0
46,2017-02-16,0.0,-3.8,10.0,0.0
47,2017-02-17,0.3,-2.1,10.0,0.0
48,2017-02-18,0.0,-2.6,10.0,0.0
49,2017-02-19,2.8,-2.6,10.0,0.0
50,2017-02-20,0.3,-2.9,10.0,0.0
51,2017-02-21,-1.9,-5.3,10.0,0.0
52,2017-02-22,-2.4,-5.3,10.0,0.0
53,2017-02-23,1.3,-3.1,10.0,0.0
54,2017-02-24,5.4,-1.9,10.0,0.0
55,2017-02-25,1.8,-1.7,10.0,0.0
56,2017-02-26,8.1,-0.9,10.0,0.0
57,2017-02-27,2.4,-3.3,10.0,0.0
58,2017-02-28,-0.2,-6.8,10.0,0.0
59,2017-03-01,2.1,-6.9,10.0,0.0
60,2017-03-02,7.1,2.1,10.0,0.0
61,2017-03-03,2.7,-6.3,10.0,0.0
62,2017-03-04,-2.6,-8.4,10.0,0.0
63,2017-03-05,-4.1,-8.1,10.0,0.0
64,2017-03-06,-1.1,-7.8,10.0,0.0
65,2017-03-07,-1.0,-8.0,10.0,0.0
66,2017-03-08,2.8,-5.7,10.0,0.0
67,2017-03-09,5.4,-1.0,10.0,0.0
68,2017-03-10,0.9,-5.9,10.0,0.0
69,2017-03-11,5.1,-10.0,10.0,0.0
70,2017-03-12,-6.1,-10.4,10.0,0.0
71,2017-03-13,0.6,-6.1,10.0,0.0
72,2017-03-14,2.0,-6.0,10.0,0.0
73,2017-03-15,8.9,-4.9,10.0,0.0
74,2017-03-16,9.0,-1.9,10.0,0.0
75,2017-03-17,3.6,-3.8,10.0,0.0
76,2017-03-18,-0.9,-7.9,10.0,0.0
77,2017-03-19,3.2,-9.7,10.0,0.0
78,2017-03-20,0.1,-2.8,10.0,0.0
79,2017-03-21,6.3,-0.2,10.0,0.0
80,2017-03-22,2.9,-1.0,10.0,0.0
81,2017-03-23,3.8,-7.5,10.0,0.0
82,2017-03-24,-5.5,-11.8,10.0,0.0
83,2017-03-25,1.5,-13.0,10.0,0.0
84,2017-03-26,-6.4,-10.9,10.0,0.0
85,2017-03-27,-3.7,-12.9,10.0,0.0
86,2017-03-28,0.9,-5.9,10.0,0.0
87,2017-03-29,2.1,-2.2,10.0,0.0
88,2017-03-30,1.6,-2.2,10.0,0.0
89,2017-03-31,2.2,-0.6,10.0,0.0
90,2017-04-01,0.1,-2.3,10.0,0.0
91,2017-04-02,-1.2,-2.9,10.0,0.0
92,2017-04-03,1.1,-1.6,10.0,0.0
93,2017-04-04,0.1,-1.4,10.0,0.0
94,2017-04-05,0.0,-2.5,10.0,0.0
95,2017-04-06,2.5,-5.3,10.0,0.0
96,2017-04-07,2.1,-5.4,10.0,0.0
97,2017-04-08,6.7,2.0,10.0,0.0
98,2017-04-09,8.5,-0.8,10.0,0.0
99,2017-04-10,9.4,-1.8,10.0,0.0
100,2017-04-11,12.0,-2.1,10.0,1.0
101,2017-04-12,3.9,-1.0,10.0,0.0
102,2017-04-13,9.3,-0.7,10.0,0.0
103,2017-04-14,6.1,-1.5,10.0,0.0
104,2017-04-15,1.4,-5.2,10.0,0.0
105,2017-04-16,9.2,-5.6,10.0,0.0
106,2017-04-17,4.6,-3.8,10.0,0.0
107,2017-04-18,-1.5,-4.5,10.0,0.0
108,2017-04-19,1.4,-2.9,10.0,0.0
109,2017-04-20,1.9,-2.4,10.0,0.0
110,2017-04-21,1.4,-1.3,10.0,0.0
111,2017-04-22,1.1,-1.5,10.0,0.0
112,2017-04-23,1.7,-1.9,10.0,0.0
113,2017-04-24,10.5,-2.0,10.0,0.25
114,2017-04-25,4.4,-3.1,10.0,0.0
115,2017-04-26,9.8,-4.6,10.0,0.0
116,2017-04-27,14.6,0.3,10.0,2.3000000000000007
117,2017-04-28,17.4,1.7,10.0,3.6999999999999993
118,2017-04-29,16.1,7.6,10.0,3.0500000000000007
119,2017-04-30,8.5,-3.0,10.0,0.0
120,2017-05-01,4.1,-2.6,10.0,0.0
121,2017-05-02,6.6,-3.6,10.0,0.0
122,2017-05-03,12.4,-1.5,10.0,1.1999999999999993
123,2017-05-04,10.2,2.7,10.0,0.09999999999999964
124,2017-05-05,10.8,-2.6,10.0,0.40000000000000036
125,2017-05-06,10.5,-2.6,10.0,0.25
126,2017-05-07,8.7,-1.7,10.0,0.0
127,2017-05-08,3.9,1.5,10.0,0.0
128,2017-05-09,6.1,1.2,10.0,0.0
129,2017-05-10,7.7,2.0,10.0,0.0
130,2017-05-11,5.6,1.5,10.0,0.0
131,2017-05-12,5.3,-0.3,10.0,0.0
132,2017-05-13,3.9,-1.1,10.0,0.0
133,2017-05-14,9.7,-1.4,10.0,0.0
134,2017-05-15,12.1,-1.1,10.0,1.0500000000000007
135,2017-05-16,14.3,2.3,10.0,2.1500000000000004
136,2017-05-17,11.8,4.6,10.0,0.9000000000000004
137,2017-05-18,14.8,0.6,10.0,2.4000000000000004
138,2017-05-19,12.2,-0.4,10.0,1.0999999999999996
139,2017-05-20,7.9,0.3,10.0,0.0
140,2017-05-21,3.3,0.5,10.0,0.0
141,2017-05-22,3.4,1.0,10.0,0.0
142,2017-05-23,14.7,0.3,10.0,2.3499999999999996
143,2017-05-24,8.2,4.9,10.0,0.0
144,2017-05-25,6.7,-0.7,10.0,0.0
145,2017-05-26,7.9,-2.0,10.0,0.0
146,2017-05-27,3.0,0.0,10.0,0.0
147,2017-05-28,6.4,-0.2,10.0,0.0
148,2017-05-29,6.8,-0.6,10.0,0.0
149,2017-05-30,15.1,-1.1,10.0,2.5500000000000007
150,2017-05-31,19.2,5.1,10.0,4.6
151,2017-06-01,14.7,5.3,10.0,2.3499999999999996
152,2017-06-02,17.8,5.2,10.0,3.9000000000000004
153,2017-06-03,12.3,5.6,10.0,1.1500000000000004
154,2017-06-04,14.6,3.7,10.0,2.3000000000000007
155,2017-06-05,6.3,2.5,10.0,0.0
156,2017-06-06,10.5,-0.7,10.0,0.25
157,2017-06-07,10.9,-1.5,10.0,0.4499999999999993
158,2017-06-08,14.8,0.5,10.0,2.4000000000000004
159,2017-06-09,23.8,7.9,10.0,6.899999999999999
160,2017-06-10,17.9,8.1,10.0,3.9499999999999993
161,2017-06-11,20.7,8.2,10.0,5.35
