,Date/Time,Max Temp (°C),Min Temp (°C),GDD,accGDD
2,2013-01-03,4.6,10.0,0.0,0.0
3,2013-01-04,6.9,10.0,0.0,0.0
4,2013-01-05,7.1,10.0,0.0,0.0
5,2013-01-06,6.7,10.0,0.0,0.0
6,2013-01-07,6.2,10.0,0.0,0.0
7,2013-01-08,6.2,10.0,0.0,0.0
8,2013-01-09,8.5,10.0,0.0,0.0
9,2013-01-10,5.0,10.0,0.0,0.0
10,2013-01-11,4.9,10.0,0.0,0.0
11,2013-01-12,2.6,10.0,0.0,0.0
12,2013-01-13,1.8,10.0,0.0,0.0
13,2013-01-14,2.3,10.0,0.0,0.0
14,2013-01-15,4.3,10.0,0.0,0.0
15,2013-01-16,3.8,10.0,0.0,0.0
16,2013-01-17,6.0,10.0,0.0,0.0
17,2013-01-18,5.3,10.0,0.0,0.0
18,2013-01-19,4.7,10.0,0.0,0.0
19,2013-01-20,3.6,10.0,0.0,0.0
20,2013-01-21,2.5,10.0,0.0,0.0
21,2013-01-22,3.9,10.0,0.0,0.0
22,2013-01-23,6.3,10.0,0.0,0.0
23,2013-01-24,7.1,10.0,0.0,0.0
24,2013-01-25,8.7,10.0,0.0,0.0
25,2013-01-26,6.5,10.0,0.0,0.0
26,2013-01-27,5.0,10.0,0.0,0.0
27,2013-01-28,5.6,10.0,0.0,0.0
28,2013-01-29,5.8,10.0,0.0,0.0
29,2013-01-30,6.5,10.0,0.0,0.0
30,2013-01-31,7.9,10.0,0.0,0.0
31,2013-02-01,8.3,10.0,0.0,0.0
32,2013-02-02,5.9,10.0,0.0,0.0
33,2013-02-03,6.3,10.0,0.0,0.0
34,2013-02-04,7.7,10.0,0.0,0.0
35,2013-02-05,8.1,10.0,0.0,0.0
36,2013-02-06,7.4,10.0,0.0,0.0
37,2013-02-07,8.4,10.0,0.0,0.0
38,2013-02-08,6.6,10.0,0.0,0.0
39,2013-02-09,6.5,10.0,0.0,0.0
40,2013-02-10,7.1,10.0,0.0,0.0
41,2013-02-11,6.1,10.0,0.0,0.0
42,2013-02-12,7.9,10.0,0.0,0.0
43,2013-02-13,9.3,10.0,0.0,0.0
44,2013-02-14,7.6,10.0,0.0,0.0
45,2013-02-15,9.4,10.0,0.0,0.0
46,2013-02-16,10.7,10.0,0.34999999999999964,0.34999999999999964
47,2013-02-17,7.0,10.0,0.0,0.34999999999999964
48,2013-02-18,6.3,10.0,0.0,0.34999999999999964
49,2013-02-19,9.4,10.0,0.0,0.34999999999999964
50,2013-02-20,4.5,10.0,0.0,0.34999999999999964
51,2013-02-21,6.5,10.0,0.0,0.34999999999999964
52,2013-02-22,8.8,10.0,0.0,0.34999999999999964
53,2013-02-23,8.5,10.0,0.0,0.34999999999999964
54,2013-02-24,5.8,10.0,0.0,0.34999999999999964
55,2013-02-25,9.2,10.0,0.0,0.34999999999999964
56,2013-02-26,6.3,10.0,0.0,0.34999999999999964
57,2013-02-27,7.2,10.0,0.0,0.34999999999999964
58,2013-02-28,6.2,10.0,0.0,0.34999999999999964
59,2013-03-01,10.1,10.0,0.05000000000000071,0.40000000000000036
60,2013-03-02,10.4,10.0,0.1999999999999993,0.5999999999999996
61,2013-03-03,8.3,10.0,0.0,0.5999999999999996
62,2013-03-04,9.1,10.0,0.0,0.5999999999999996
63,2013-03-05,8.6,10.0,0.0,0.5999999999999996
64,2013-03-06,7.8,10.0,0.0,0.5999999999999996
65,2013-03-07,8.0,10.0,0.0,0.5999999999999996
66,2013-03-08,9.0,10.0,0.0,0.5999999999999996
67,2013-03-09,12.6,10.0,1.3000000000000007,1.9000000000000004
68,2013-03-10,8.1,10.0,0.0,1.9000000000000004
69,2013-03-11,9.7,10.0,0.0,1.9000000000000004
70,2013-03-12,10.0,10.0,0.0,1.9000000000000004
71,2013-03-13,10.3,10.0,0.15000000000000036,2.0500000000000007
72,2013-03-14,9.7,10.0,0.0,2.0500000000000007
73,2013-03-15,10.6,10.0,0.3000000000000007,2.3500000000000014
74,2013-03-16,10.6,10.0,0.3000000000000007,2.650000000000002
75,2013-03-17,9.4,10.0,0.0,2.650000000000002
76,2013-03-18,9.0,10.0,0.0,2.650000000000002
77,2013-03-19,9.8,10.0,0.0,2.650000000000002
78,2013-03-20,12.9,10.0,1.4499999999999993,4.100000000000001
79,2013-03-21,8.9,10.0,0.0,4.100000000000001
80,2013-03-22,8.1,10.0,0.0,4.100000000000001
81,2013-03-23,9.0,10.0,0.0,4.100000000000001
82,2013-03-24,11.1,10.0,0.5500000000000007,4.650000000000002
83,2013-03-25,11.3,10.0,0.6500000000000004,5.3000000000000025
84,2013-03-26,12.7,10.0,1.3499999999999996,6.650000000000002
85,2013-03-27,13.6,10.0,1.8000000000000007,8.450000000000003
86,2013-03-28,15.1,10.0,2.5500000000000007,11.000000000000004
87,2013-03-29,14.2,10.0,2.0999999999999996,13.100000000000003
88,2013-03-30,13.7,10.0,1.8499999999999996,14.950000000000003
89,2013-03-31,17.2,10.0,3.5999999999999996,18.550000000000004
90,2013-04-01,17.1,10.0,3.5500000000000007,22.100000000000005
91,2013-04-02,12.9,10.0,1.4499999999999993,23.550000000000004
92,2013-04-03,14.2,10.0,2.0999999999999996,25.650000000000006
93,2013-04-04,12.5,10.0,1.25,26.900000000000006
94,2013-04-05,11.1,10.0,0.5500000000000007,27.450000000000006
95,2013-04-06,13.2,10.0,1.5999999999999996,29.050000000000004
96,2013-04-07,10.1,10.0,0.05000000000000071,29.100000000000005
97,2013-04-08,13.5,10.0,1.75,30.850000000000005
98,2013-04-09,10.3,10.0,0.15000000000000036,31.000000000000007
99,2013-04-10,13.9,10.0,1.9499999999999993,32.95
100,2013-04-11,12.5,10.0,1.25,34.2
101,2013-04-12,7.4,10.0,0.0,34.2
102,2013-04-13,10.6,10.0,0.3000000000000007,34.5
103,2013-04-14,10.8,10.0,0.40000000000000036,34.9
104,2013-04-15,14.7,10.0,2.3499999999999996,37.25
105,2013-04-16,14.1,10.0,2.0500000000000007,39.3
106,2013-04-17,15.5,10.0,2.75,42.05
107,2013-04-18,9.9,10.0,0.0,42.05
108,2013-04-19,12.4,10.0,1.1999999999999993,43.25
109,2013-04-20,13.2,10.0,1.5999999999999996,44.85
110,2013-04-21,11.6,10.0,0.8000000000000007,45.650000000000006
111,2013-04-22,14.1,10.0,2.0500000000000007,47.7
112,2013-04-23,15.5,10.0,2.75,50.45
113,2013-04-24,15.9,10.0,2.9499999999999993,53.400000000000006
114,2013-04-25,18.1,10.0,4.050000000000001,57.45
115,2013-04-26,15.4,10.0,2.6999999999999993,60.150000000000006
116,2013-04-27,12.7,10.0,1.3499999999999996,61.50000000000001
117,2013-04-28,13.5,10.0,1.75,63.25000000000001
118,2013-04-29,11.9,10.0,0.9499999999999993,64.2
119,2013-04-30,12.6,10.0,1.3000000000000007,65.5
120,2013-05-01,14.5,10.0,2.25,67.75
121,2013-05-02,14.2,10.0,2.0999999999999996,69.85
122,2013-05-03,16.4,10.0,3.1999999999999993,73.05
123,2013-05-04,19.9,10.0,4.949999999999999,78.0
124,2013-05-05,23.0,10.3,6.649999999999999,84.65
125,2013-05-06,24.1,11.7,7.899999999999999,92.55000000000001
126,2013-05-07,21.8,11.5,6.649999999999999,99.20000000000002
127,2013-05-08,20.5,12.0,6.25,105.45000000000002
128,2013-05-09,20.7,11.3,6.0,111.45000000000002
129,2013-05-10,21.1,11.5,6.300000000000001,117.75000000000001
130,2013-05-11,21.1,13.4,7.25,125.00000000000001
131,2013-05-12,18.4,13.6,6.0,131.0
132,2013-05-13,16.0,11.3,3.6500000000000004,134.65
133,2013-05-14,17.0,10.1,3.5500000000000007,138.20000000000002
134,2013-05-15,18.6,10.0,4.300000000000001,142.50000000000003
135,2013-05-16,17.4,11.4,4.399999999999999,146.90000000000003
136,2013-05-17,15.4,11.1,3.25,150.15000000000003
137,2013-05-18,16.4,11.7,4.049999999999999,154.20000000000005
138,2013-05-19,18.4,10.3,4.35,158.55000000000004
139,2013-05-20,17.4,10.6,4.0,162.55000000000004
140,2013-05-21,12.5,10.0,1.25,163.80000000000004
141,2013-05-22,15.6,10.0,2.8000000000000007,166.60000000000005
142,2013-05-23,16.2,10.0,3.0999999999999996,169.70000000000005
143,2013-05-24,17.8,10.0,3.9000000000000004,173.60000000000005
144,2013-05-25,15.9,10.3,3.1000000000000014,176.70000000000005
145,2013-05-26,14.9,10.2,2.5500000000000007,179.25000000000006
146,2013-05-27,15.0,11.6,3.3000000000000007,182.55000000000007
147,2013-05-28,13.7,11.0,2.3499999999999996,184.90000000000006
148,2013-05-29,13.4,10.4,1.9000000000000004,186.80000000000007
149,2013-05-30,15.4,10.3,2.8500000000000014,189.65000000000006
150,2013-05-31,17.8,10.5,4.15,193.80000000000007
151,2013-06-01,17.6,11.1,4.350000000000001,198.15000000000006
152,2013-06-02,18.9,10.0,4.449999999999999,202.60000000000005
153,2013-06-03,19.3,11.6,5.449999999999999,208.05000000000004
154,2013-06-04,22.4,11.4,6.899999999999999,214.95000000000005
155,2013-06-05,20.5,14.3,7.399999999999999,222.35000000000005
156,2013-06-06,23.0,11.9,7.449999999999999,229.80000000000004
157,2013-06-07,18.0,12.4,5.199999999999999,235.00000000000003
158,2013-06-08,18.0,12.2,5.1,240.10000000000002
159,2013-06-09,18.7,12.0,5.35,245.45000000000002
160,2013-06-10,20.4,10.6,5.5,250.95000000000002
161,2013-06-11,18.9,13.3,6.100000000000001,257.05
162,2013-06-12,18.1,11.3,4.700000000000001,261.75
163,2013-06-13,20.5,10.6,5.550000000000001,267.3
164,2013-06-14,16.5,12.0,4.25,271.55
165,2013-06-15,20.3,10.3,5.300000000000001,276.85
166,2013-06-16,23.4,14.2,8.799999999999997,285.65000000000003
167,2013-06-17,23.2,16.0,9.600000000000001,295.25000000000006
168,2013-06-18,20.9,14.2,7.549999999999997,302.80000000000007
169,2013-06-19,19.0,13.4,6.199999999999999,309.00000000000006
170,2013-06-20,15.9,13.2,4.550000000000001,313.55000000000007
171,2013-06-21,18.1,12.3,5.200000000000001,318.75000000000006
172,2013-06-22,22.0,14.4,8.2,326.95000000000005
173,2013-06-23,20.3,12.5,6.399999999999999,333.35
174,2013-06-24,16.1,14.1,5.100000000000001,338.45000000000005
175,2013-06-25,20.2,13.7,6.949999999999999,345.40000000000003
176,2013-06-26,19.4,13.9,6.649999999999999,352.05
177,2013-06-27,17.4,14.2,5.799999999999999,357.85
178,2013-06-28,20.6,14.2,7.399999999999999,365.25
182,2013-07-02,26.0,18.0,12.0,377.25
184,2013-07-04,22.1,14.9,8.5,385.75
185,2013-07-05,21.9,13.8,7.850000000000001,393.6
186,2013-07-06,22.8,13.5,8.149999999999999,401.75
187,2013-07-07,21.8,16.0,8.899999999999999,410.65
188,2013-07-08,22.8,14.6,8.7,419.34999999999997
189,2013-07-09,26.0,15.2,10.600000000000001,429.95
190,2013-07-10,23.6,15.6,9.600000000000001,439.55
191,2013-07-11,20.3,13.6,6.949999999999999,446.5
192,2013-07-12,22.2,13.4,7.800000000000001,454.3
193,2013-07-13,21.7,13.4,7.550000000000001,461.85
194,2013-07-14,23.4,14.0,8.7,470.55
195,2013-07-15,23.9,13.4,8.649999999999999,479.2
196,2013-07-16,26.4,14.7,10.549999999999997,489.75
197,2013-07-17,24.3,18.7,11.5,501.25
198,2013-07-18,24.2,16.0,10.100000000000001,511.35
199,2013-07-19,24.6,16.3,10.450000000000003,521.8000000000001
200,2013-07-20,25.4,16.0,10.7,532.5000000000001
201,2013-07-21,23.4,15.5,9.45,541.9500000000002
202,2013-07-22,23.9,15.6,9.75,551.7000000000002
203,2013-07-23,25.9,15.5,10.7,562.4000000000002
204,2013-07-24,24.7,15.4,10.05,572.4500000000002
205,2013-07-25,25.5,14.3,9.899999999999999,582.3500000000001
206,2013-07-26,24.1,14.9,9.5,591.8500000000001
207,2013-07-27,23.2,14.6,8.899999999999999,600.7500000000001
208,2013-07-28,23.3,13.6,8.45,609.2000000000002
209,2013-07-29,24.1,15.3,9.700000000000003,618.9000000000002
210,2013-07-30,24.9,16.1,10.5,629.4000000000002
211,2013-07-31,25.1,16.0,10.55,639.9500000000002
212,2013-08-01,22.8,16.2,9.5,649.4500000000002
213,2013-08-02,17.2,15.5,6.350000000000001,655.8000000000002
214,2013-08-03,21.2,15.6,8.399999999999999,664.2000000000002
215,2013-08-04,24.7,15.5,10.100000000000001,674.3000000000002
216,2013-08-05,26.5,15.8,11.149999999999999,685.4500000000002
217,2013-08-06,26.4,14.8,10.600000000000001,696.0500000000002
218,2013-08-07,26.4,15.4,10.899999999999999,706.9500000000002
219,2013-08-08,26.3,16.6,11.450000000000003,718.4000000000002
220,2013-08-09,26.7,15.7,11.2,729.6000000000003
221,2013-08-10,26.6,17.2,11.899999999999999,741.5000000000002
222,2013-08-11,22.5,15.9,9.2,750.7000000000003
223,2013-08-12,26.0,16.9,11.45,762.1500000000003
224,2013-08-13,25.1,16.5,10.8,772.9500000000003
225,2013-08-14,24.9,16.2,10.549999999999997,783.5000000000002
226,2013-08-15,19.7,17.8,8.75,792.2500000000002
227,2013-08-16,24.2,17.1,10.649999999999999,802.9000000000002
228,2013-08-17,23.3,17.2,10.25,813.1500000000002
229,2013-08-18,20.4,15.9,8.149999999999999,821.3000000000002
230,2013-08-19,24.0,15.9,9.95,831.2500000000002
231,2013-08-20,22.2,14.4,8.3,839.5500000000002
232,2013-08-21,23.7,12.9,8.3,847.8500000000001
233,2013-08-22,26.1,13.5,9.8,857.6500000000001
234,2013-08-23,23.4,15.2,9.299999999999997,866.95
235,2013-08-24,23.6,15.0,9.3,876.25
236,2013-08-25,23.7,14.4,9.05,885.3
237,2013-08-26,21.9,16.1,9.0,894.3
238,2013-08-27,21.9,16.1,9.0,903.3
239,2013-08-28,23.0,15.9,9.45,912.75
240,2013-08-29,18.8,16.7,7.75,920.5
241,2013-08-30,20.9,14.5,7.699999999999999,928.2
242,2013-08-31,21.0,12.8,6.899999999999999,935.1
243,2013-09-01,25.3,13.9,9.600000000000001,944.7
244,2013-09-02,22.9,16.4,9.649999999999999,954.35
245,2013-09-03,20.3,15.4,7.850000000000001,962.2
246,2013-09-04,20.8,14.1,7.449999999999999,969.6500000000001
247,2013-09-05,18.7,14.8,6.75,976.4000000000001
248,2013-09-06,20.3,14.3,7.300000000000001,983.7
249,2013-09-07,21.3,15.2,8.25,991.95
250,2013-09-08,22.5,13.9,8.2,1000.1500000000001
251,2013-09-09,21.4,14.1,7.75,1007.9000000000001
252,2013-09-10,22.2,13.7,7.949999999999999,1015.8500000000001
253,2013-09-11,27.0,14.1,10.55,1026.4
254,2013-09-12,25.9,15.3,10.600000000000001,1037.0
255,2013-09-13,22.2,15.5,8.850000000000001,1045.85
256,2013-09-14,17.3,15.6,6.449999999999999,1052.3
257,2013-09-15,18.4,15.1,6.75,1059.05
258,2013-09-16,17.7,13.9,5.800000000000001,1064.85
259,2013-09-17,18.5,13.5,6.0,1070.85
260,2013-09-18,19.4,13.3,6.350000000000001,1077.1999999999998
261,2013-09-19,22.3,13.6,7.949999999999999,1085.1499999999999
262,2013-09-20,19.2,13.2,6.199999999999999,1091.35
263,2013-09-21,18.8,13.7,6.25,1097.6
264,2013-09-22,15.2,12.1,3.6499999999999986,1101.25
265,2013-09-23,18.0,11.7,4.85,1106.1
266,2013-09-24,14.8,11.3,3.0500000000000007,1109.1499999999999
267,2013-09-25,16.0,10.0,3.0,1112.1499999999999
268,2013-09-26,16.5,10.0,3.25,1115.3999999999999
269,2013-09-27,12.3,10.0,1.1500000000000004,1116.55
270,2013-09-28,13.5,11.0,2.25,1118.8
271,2013-09-29,12.5,10.5,1.5,1120.3
272,2013-09-30,13.6,10.2,1.8999999999999986,1122.2
273,2013-10-01,11.6,10.0,0.8000000000000007,1123.0
274,2013-10-02,10.0,10.0,0.0,1123.0
275,2013-10-03,12.5,10.0,1.25,1124.25
276,2013-10-04,13.8,10.0,1.9000000000000004,1126.15
277,2013-10-05,17.2,11.3,4.25,1130.4
278,2013-10-06,21.0,10.0,5.5,1135.9
279,2013-10-07,15.8,11.1,3.4499999999999993,1139.3500000000001
280,2013-10-08,13.9,10.0,1.9499999999999993,1141.3000000000002
281,2013-10-09,14.0,10.0,2.0,1143.3000000000002
282,2013-10-10,12.8,10.0,1.4000000000000004,1144.7000000000003
283,2013-10-11,12.5,10.0,1.25,1145.9500000000003
284,2013-10-12,12.9,10.0,1.4499999999999993,1147.4000000000003
285,2013-10-13,13.1,10.0,1.5500000000000007,1148.9500000000003
286,2013-10-14,13.0,10.0,1.5,1150.4500000000003
287,2013-10-15,13.0,10.0,1.5,1151.9500000000003
288,2013-10-16,12.9,10.0,1.4499999999999993,1153.4000000000003
289,2013-10-17,11.8,10.0,0.9000000000000004,1154.3000000000004
290,2013-10-18,8.8,10.0,0.0,1154.3000000000004
291,2013-10-19,10.0,10.0,0.0,1154.3000000000004
292,2013-10-20,10.5,10.0,0.25,1154.5500000000004
293,2013-10-21,10.4,10.0,0.1999999999999993,1154.7500000000005
294,2013-10-22,9.6,10.0,0.0,1154.7500000000005
295,2013-10-23,11.7,10.0,0.8499999999999996,1155.6000000000004
296,2013-10-24,11.9,10.0,0.9499999999999993,1156.5500000000004
297,2013-10-25,11.1,10.0,0.5500000000000007,1157.1000000000004
298,2013-10-26,13.1,10.0,1.5500000000000007,1158.6500000000003
299,2013-10-27,14.7,10.0,2.3499999999999996,1161.0000000000002
300,2013-10-28,15.7,10.0,2.8499999999999996,1163.8500000000001
301,2013-10-29,12.5,10.0,1.25,1165.1000000000001
302,2013-10-30,13.4,10.0,1.6999999999999993,1166.8000000000002
303,2013-10-31,10.2,10.0,0.09999999999999964,1166.9
304,2013-11-01,11.5,10.0,0.75,1167.65
305,2013-11-02,10.3,10.0,0.15000000000000036,1167.8000000000002
306,2013-11-03,9.9,10.0,0.0,1167.8000000000002
307,2013-11-04,8.8,10.0,0.0,1167.8000000000002
308,2013-11-05,7.3,10.0,0.0,1167.8000000000002
309,2013-11-06,9.9,10.0,0.0,1167.8000000000002
310,2013-11-07,10.2,10.0,0.09999999999999964,1167.9
311,2013-11-08,12.1,10.0,1.0500000000000007,1168.95
312,2013-11-09,10.0,10.0,0.0,1168.95
313,2013-11-10,9.8,10.0,0.0,1168.95
314,2013-11-11,12.1,10.0,1.0500000000000007,1170.0
315,2013-11-12,12.0,10.0,1.0,1171.0
316,2013-11-13,12.9,10.0,1.4499999999999993,1172.45
317,2013-11-14,10.7,10.0,0.34999999999999964,1172.8
318,2013-11-15,8.0,10.0,0.0,1172.8
319,2013-11-16,7.6,10.0,0.0,1172.8
320,2013-11-17,10.3,10.0,0.15000000000000036,1172.95
321,2013-11-18,8.4,10.0,0.0,1172.95
322,2013-11-19,7.1,10.0,0.0,1172.95
323,2013-11-20,5.9,10.0,0.0,1172.95
324,2013-11-21,6.1,10.0,0.0,1172.95
325,2013-11-22,7.3,10.0,0.0,1172.95
326,2013-11-23,7.2,10.0,0.0,1172.95
327,2013-11-24,9.5,10.0,0.0,1172.95
328,2013-11-25,11.8,10.0,0.9000000000000004,1173.8500000000001
329,2013-11-26,10.2,10.0,0.09999999999999964,1173.95
330,2013-11-27,10.9,10.0,0.4499999999999993,1174.4
331,2013-11-28,10.9,10.0,0.4499999999999993,1174.8500000000001
332,2013-11-29,8.9,10.0,0.0,1174.8500000000001
333,2013-11-30,8.1,10.0,0.0,1174.8500000000001
334,2013-12-01,11.2,10.0,0.5999999999999996,1175.45
335,2013-12-02,7.4,10.0,0.0,1175.45
336,2013-12-03,5.8,10.0,0.0,1175.45
337,2013-12-04,4.8,10.0,0.0,1175.45
338,2013-12-05,1.9,10.0,0.0,1175.45
339,2013-12-06,1.6,10.0,0.0,1175.45
340,2013-12-07,0.0,10.0,0.0,1175.45
341,2013-12-08,1.6,10.0,0.0,1175.45
342,2013-12-09,0.0,10.0,0.0,1175.45
343,2013-12-10,2.5,10.0,0.0,1175.45
344,2013-12-11,4.6,10.0,0.0,1175.45
345,2013-12-12,6.9,10.0,0.0,1175.45
346,2013-12-13,6.5,10.0,0.0,1175.45
347,2013-12-14,8.4,10.0,0.0,1175.45
348,2013-12-15,8.7,10.0,0.0,1175.45
349,2013-12-16,8.0,10.0,0.0,1175.45
350,2013-12-17,6.5,10.0,0.0,1175.45
351,2013-12-18,6.6,10.0,0.0,1175.45
352,2013-12-19,3.1,10.0,0.0,1175.45
353,2013-12-20,2.1,10.0,0.0,1175.45
354,2013-12-21,4.4,10.0,0.0,1175.45
355,2013-12-22,5.8,10.0,0.0,1175.45
356,2013-12-23,9.2,10.0,0.0,1175.45
357,2013-12-24,6.7,10.0,0.0,1175.45
358,2013-12-25,5.5,10.0,0.0,1175.45
359,2013-12-26,8.2,10.0,0.0,1175.45
360,2013-12-27,8.3,10.0,0.0,1175.45
361,2013-12-28,7.3,10.0,0.0,1175.45
362,2013-12-29,6.0,10.0,0.0,1175.45
363,2013-12-30,7.9,10.0,0.0,1175.45
364,2013-12-31,7.7,10.0,0.0,1175.45
0,2014-01-01,7.5,10.0,0.0,0.0
1,2014-01-02,7.3,10.0,0.0,0.0
2,2014-01-03,9.2,10.0,0.0,0.0
3,2014-01-04,6.0,10.0,0.0,0.0
4,2014-01-05,7.1,10.0,0.0,0.0
5,2014-01-06,5.3,10.0,0.0,0.0
6,2014-01-07,7.1,10.0,0.0,0.0
7,2014-01-08,7.7,10.0,0.0,0.0
8,2014-01-09,7.6,10.0,0.0,0.0
9,2014-01-10,7.4,10.0,0.0,0.0
10,2014-01-11,9.8,10.0,0.0,0.0
11,2014-01-12,8.0,10.0,0.0,0.0
12,2014-01-13,9.4,10.0,0.0,0.0
13,2014-01-14,9.0,10.0,0.0,0.0
14,2014-01-15,9.5,10.0,0.0,0.0
15,2014-01-16,7.0,10.0,0.0,0.0
16,2014-01-17,5.5,10.0,0.0,0.0
17,2014-01-18,5.7,10.0,0.0,0.0
18,2014-01-19,7.7,10.0,0.0,0.0
19,2014-01-20,6.0,10.0,0.0,0.0
20,2014-01-21,7.5,10.0,0.0,0.0
21,2014-01-22,8.0,10.0,0.0,0.0
22,2014-01-23,6.3,10.0,0.0,0.0
23,2014-01-24,8.8,10.0,0.0,0.0
24,2014-01-25,11.1,10.0,0.5500000000000007,0.5500000000000007
25,2014-01-26,4.2,10.0,0.0,0.5500000000000007
26,2014-01-27,5.8,10.0,0.0,0.5500000000000007
27,2014-01-28,7.6,10.0,0.0,0.5500000000000007
28,2014-01-29,7.5,10.0,0.0,0.5500000000000007
29,2014-01-30,6.7,10.0,0.0,0.5500000000000007
30,2014-01-31,6.2,10.0,0.0,0.5500000000000007
31,2014-02-01,4.6,10.0,0.0,0.5500000000000007
32,2014-02-02,5.6,10.0,0.0,0.5500000000000007
33,2014-02-03,6.4,10.0,0.0,0.5500000000000007
34,2014-02-04,3.3,10.0,0.0,0.5500000000000007
35,2014-02-05,2.3,10.0,0.0,0.5500000000000007
36,2014-02-06,0.4,10.0,0.0,0.5500000000000007
37,2014-02-07,2.5,10.0,0.0,0.5500000000000007
38,2014-02-08,3.5,10.0,0.0,0.5500000000000007
39,2014-02-09,3.3,10.0,0.0,0.5500000000000007
40,2014-02-10,5.9,10.0,0.0,0.5500000000000007
41,2014-02-11,7.4,10.0,0.0,0.5500000000000007
42,2014-02-12,10.8,10.0,0.40000000000000036,0.9500000000000011
43,2014-02-13,11.5,10.0,0.75,1.700000000000001
44,2014-02-14,11.9,10.0,0.9499999999999993,2.6500000000000004
45,2014-02-15,8.5,10.0,0.0,2.6500000000000004
46,2014-02-16,7.5,10.0,0.0,2.6500000000000004
47,2014-02-17,9.3,10.0,0.0,2.6500000000000004
48,2014-02-18,8.9,10.0,0.0,2.6500000000000004
51,2014-02-21,6.6,10.0,0.0,2.6500000000000004
52,2014-02-22,3.2,10.0,0.0,2.6500000000000004
53,2014-02-23,2.3,10.0,0.0,2.6500000000000004
54,2014-02-24,1.4,10.0,0.0,2.6500000000000004
56,2014-02-26,7.7,10.0,0.0,2.6500000000000004
57,2014-02-27,9.8,10.0,0.0,2.6500000000000004
58,2014-02-28,10.8,10.0,0.40000000000000036,3.0500000000000007
59,2014-03-01,6.6,10.0,0.0,3.0500000000000007
60,2014-03-02,4.7,10.0,0.0,3.0500000000000007
61,2014-03-03,8.1,10.0,0.0,3.0500000000000007
62,2014-03-04,6.0,10.0,0.0,3.0500000000000007
63,2014-03-05,10.8,10.0,0.40000000000000036,3.450000000000001
64,2014-03-06,9.9,10.0,0.0,3.450000000000001
65,2014-03-07,10.3,10.0,0.15000000000000036,3.6000000000000014
66,2014-03-08,9.3,10.0,0.0,3.6000000000000014
67,2014-03-09,11.7,10.0,0.8499999999999996,4.450000000000001
68,2014-03-10,9.8,10.0,0.0,4.450000000000001
70,2014-03-12,11.8,10.0,0.9000000000000004,5.350000000000001
71,2014-03-13,11.8,10.0,0.9000000000000004,6.250000000000002
72,2014-03-14,13.4,10.0,1.6999999999999993,7.950000000000001
73,2014-03-15,9.5,10.0,0.0,7.950000000000001
74,2014-03-16,9.2,10.0,0.0,7.950000000000001
75,2014-03-17,10.4,10.0,0.1999999999999993,8.15
76,2014-03-18,9.0,10.0,0.0,8.15
77,2014-03-19,9.9,10.0,0.0,8.15
78,2014-03-20,9.7,10.0,0.0,8.15
79,2014-03-21,9.4,10.0,0.0,8.15
80,2014-03-22,6.0,10.0,0.0,8.15
81,2014-03-23,10.2,10.0,0.09999999999999964,8.25
82,2014-03-24,13.7,10.0,1.8499999999999996,10.1
83,2014-03-25,11.1,10.0,0.5500000000000007,10.65
84,2014-03-26,11.4,10.0,0.6999999999999993,11.35
85,2014-03-27,11.4,10.0,0.6999999999999993,12.049999999999999
86,2014-03-28,8.7,10.0,0.0,12.049999999999999
87,2014-03-29,11.0,10.0,0.5,12.549999999999999
88,2014-03-30,10.9,10.0,0.4499999999999993,12.999999999999998
89,2014-03-31,12.8,10.0,1.4000000000000004,14.399999999999999
90,2014-04-01,14.6,10.0,2.3000000000000007,16.7
91,2014-04-02,14.0,10.0,2.0,18.7
92,2014-04-03,9.9,10.0,0.0,18.7
93,2014-04-04,11.6,10.0,0.8000000000000007,19.5
94,2014-04-05,9.1,10.0,0.0,19.5
95,2014-04-06,12.9,10.0,1.4499999999999993,20.95
96,2014-04-07,17.3,10.0,3.6500000000000004,24.6
97,2014-04-08,15.4,10.0,2.6999999999999993,27.3
98,2014-04-09,13.2,10.0,1.5999999999999996,28.9
99,2014-04-10,14.0,10.0,2.0,30.9
100,2014-04-11,16.3,10.0,3.1500000000000004,34.05
101,2014-04-12,14.4,10.0,2.1999999999999993,36.25
102,2014-04-13,16.8,10.0,3.4000000000000004,39.65
103,2014-04-14,18.7,10.0,4.35,44.0
104,2014-04-15,14.2,10.0,2.0999999999999996,46.1
105,2014-04-16,10.8,10.0,0.40000000000000036,46.5
106,2014-04-17,10.5,10.0,0.25,46.75
107,2014-04-18,13.5,10.0,1.75,48.5
108,2014-04-19,12.6,10.0,1.3000000000000007,49.8
109,2014-04-20,12.4,10.0,1.1999999999999993,51.0
110,2014-04-21,13.6,10.0,1.8000000000000007,52.8
111,2014-04-22,14.6,10.0,2.3000000000000007,55.099999999999994
112,2014-04-23,12.0,10.0,1.0,56.099999999999994
113,2014-04-24,14.3,10.0,2.1500000000000004,58.24999999999999
114,2014-04-25,14.3,10.0,2.1500000000000004,60.39999999999999
115,2014-04-26,14.0,10.0,2.0,62.39999999999999
116,2014-04-27,13.4,10.0,1.6999999999999993,64.1
117,2014-04-28,15.8,10.0,2.9000000000000004,67.0
118,2014-04-29,21.5,10.0,5.75,72.75
119,2014-04-30,20.9,10.0,5.449999999999999,78.2
120,2014-05-01,23.8,10.0,6.899999999999999,85.1
121,2014-05-02,21.2,11.6,6.399999999999999,91.5
122,2014-05-03,14.0,10.4,2.1999999999999993,93.7
123,2014-05-04,10.9,10.0,0.4499999999999993,94.15
124,2014-05-05,15.8,10.0,2.9000000000000004,97.05000000000001
125,2014-05-06,17.0,10.0,3.5,100.55000000000001
126,2014-05-07,18.3,10.0,4.15,104.70000000000002
127,2014-05-08,15.4,10.4,2.9000000000000004,107.60000000000002
128,2014-05-09,16.6,10.0,3.3000000000000007,110.90000000000002
129,2014-05-10,14.7,10.0,2.3499999999999996,113.25000000000001
130,2014-05-11,18.4,11.0,4.699999999999999,117.95000000000002
131,2014-05-12,23.0,10.7,6.850000000000001,124.80000000000001
132,2014-05-13,22.8,14.0,8.399999999999999,133.20000000000002
133,2014-05-14,23.8,12.0,7.899999999999999,141.10000000000002
134,2014-05-15,24.1,13.1,8.600000000000001,149.70000000000002
135,2014-05-16,20.1,15.0,7.550000000000001,157.25000000000003
136,2014-05-17,19.8,13.4,6.600000000000001,163.85000000000002
137,2014-05-18,19.1,11.1,5.100000000000001,168.95000000000002
138,2014-05-19,20.2,12.1,6.149999999999999,175.10000000000002
139,2014-05-20,20.7,12.2,6.449999999999999,181.55
140,2014-05-21,20.8,12.1,6.449999999999999,188.0
141,2014-05-22,21.4,12.9,7.149999999999999,195.15
142,2014-05-23,19.4,13.2,6.299999999999997,201.45
143,2014-05-24,19.3,12.7,6.0,207.45
144,2014-05-25,14.4,12.2,3.3000000000000007,210.75
145,2014-05-26,19.1,11.8,5.450000000000001,216.2
146,2014-05-27,17.5,10.2,3.8499999999999996,220.04999999999998
147,2014-05-28,18.5,10.7,4.6,224.64999999999998
148,2014-05-29,13.6,10.9,2.25,226.89999999999998
149,2014-05-30,19.0,10.0,4.5,231.39999999999998
150,2014-05-31,20.4,10.5,5.449999999999999,236.84999999999997
151,2014-06-01,20.7,12.1,6.399999999999999,243.24999999999997
152,2014-06-02,20.9,11.9,6.399999999999999,249.64999999999998
153,2014-06-03,19.2,12.1,5.649999999999999,255.29999999999998
154,2014-06-04,19.4,12.0,5.699999999999999,261.0
155,2014-06-05,18.8,10.4,4.600000000000001,265.6
156,2014-06-06,21.4,10.5,5.949999999999999,271.55
157,2014-06-07,22.3,13.3,7.800000000000001,279.35
158,2014-06-08,23.6,14.9,9.25,288.6
159,2014-06-09,20.7,13.6,7.149999999999999,295.75
160,2014-06-10,17.3,12.1,4.699999999999999,300.45
161,2014-06-11,20.6,12.5,6.550000000000001,307.0
162,2014-06-12,20.6,13.8,7.200000000000003,314.2
163,2014-06-13,17.6,12.7,5.15,319.34999999999997
164,2014-06-14,14.5,12.0,3.25,322.59999999999997
165,2014-06-15,17.6,11.9,4.75,327.34999999999997
166,2014-06-16,18.5,10.9,4.699999999999999,332.04999999999995
167,2014-06-17,20.9,12.4,6.649999999999999,338.69999999999993
168,2014-06-18,18.7,13.3,6.0,344.69999999999993
169,2014-06-19,17.7,13.6,5.649999999999999,350.3499999999999
170,2014-06-20,18.8,10.6,4.699999999999999,355.0499999999999
171,2014-06-21,19.7,10.9,5.300000000000001,360.3499999999999
172,2014-06-22,22.2,12.4,7.300000000000001,367.6499999999999
173,2014-06-23,21.9,14.5,8.2,375.8499999999999
174,2014-06-24,21.7,14.8,8.25,384.0999999999999
175,2014-06-25,23.0,13.1,8.05,392.1499999999999
176,2014-06-26,24.6,14.5,9.55,401.69999999999993
177,2014-06-27,18.2,13.9,6.050000000000001,407.74999999999994
178,2014-06-28,20.0,13.7,6.850000000000001,414.59999999999997
179,2014-06-29,20.5,14.3,7.399999999999999,421.99999999999994
180,2014-06-30,22.1,13.0,7.550000000000001,429.54999999999995
181,2014-07-01,29.7,13.5,11.600000000000001,441.15
182,2014-07-02,26.1,17.5,11.8,452.95
183,2014-07-03,22.3,14.9,8.600000000000001,461.55
184,2014-07-04,22.4,14.0,8.2,469.75
185,2014-07-05,19.5,14.6,7.050000000000001,476.8
186,2014-07-06,22.8,15.8,9.3,486.1
187,2014-07-07,24.0,15.2,9.600000000000001,495.70000000000005
188,2014-07-08,25.0,15.7,10.350000000000001,506.05000000000007
189,2014-07-09,22.8,13.8,8.3,514.35
190,2014-07-10,23.1,13.8,8.450000000000003,522.8000000000001
191,2014-07-11,26.5,15.0,10.75,533.5500000000001
192,2014-07-12,29.0,16.5,12.75,546.3000000000001
193,2014-07-13,28.8,17.2,13.0,559.3000000000001
194,2014-07-14,27.4,18.7,13.049999999999997,572.35
195,2014-07-15,26.7,17.0,11.850000000000001,584.2
196,2014-07-16,25.5,15.5,10.5,594.7
197,2014-07-17,23.2,15.3,9.25,603.95
198,2014-07-18,24.2,15.1,9.649999999999999,613.6
199,2014-07-19,20.6,15.7,8.149999999999999,621.75
200,2014-07-20,18.7,14.1,6.399999999999999,628.15
201,2014-07-21,22.9,15.2,9.049999999999997,637.1999999999999
202,2014-07-22,25.1,16.3,10.700000000000003,647.9
203,2014-07-23,19.2,14.0,6.600000000000001,654.5
204,2014-07-24,19.4,13.3,6.350000000000001,660.85
205,2014-07-25,21.8,14.1,7.949999999999999,668.8000000000001
206,2014-07-26,24.5,14.2,9.350000000000001,678.1500000000001
207,2014-07-27,24.3,13.8,9.05,687.2
208,2014-07-28,26.6,14.8,10.700000000000003,697.9000000000001
209,2014-07-29,26.9,15.2,11.049999999999997,708.95
210,2014-07-30,26.3,15.0,10.649999999999999,719.6
211,2014-07-31,26.8,15.5,11.149999999999999,730.75
212,2014-08-01,27.2,15.8,11.5,742.25
213,2014-08-02,27.7,17.4,12.549999999999997,754.8
214,2014-08-03,27.6,16.3,11.950000000000003,766.75
215,2014-08-04,27.4,17.3,12.350000000000001,779.1
216,2014-08-05,26.3,17.2,11.75,790.85
217,2014-08-06,23.9,16.6,10.25,801.1
218,2014-08-07,24.1,15.9,10.0,811.1
219,2014-08-08,23.8,15.5,9.649999999999999,820.75
220,2014-08-09,25.0,14.2,9.600000000000001,830.35
221,2014-08-10,26.7,15.1,10.899999999999999,841.25
222,2014-08-11,29.3,16.3,12.8,854.05
223,2014-08-12,24.1,17.7,10.899999999999999,864.9499999999999
224,2014-08-13,19.8,16.2,8.0,872.9499999999999
225,2014-08-14,23.9,15.2,9.549999999999997,882.4999999999999
226,2014-08-15,25.2,15.8,10.5,892.9999999999999
227,2014-08-16,23.3,16.5,9.899999999999999,902.8999999999999
228,2014-08-17,24.7,17.8,11.25,914.1499999999999
229,2014-08-18,23.4,16.7,10.049999999999997,924.1999999999998
230,2014-08-19,24.7,16.7,10.7,934.8999999999999
231,2014-08-20,23.1,15.9,9.5,944.3999999999999
232,2014-08-21,23.7,15.2,9.45,953.8499999999999
233,2014-08-22,23.1,13.7,8.399999999999999,962.2499999999999
234,2014-08-23,24.9,14.2,9.549999999999997,971.7999999999998
235,2014-08-24,24.2,14.9,9.55,981.3499999999998
236,2014-08-25,24.1,15.5,9.8,991.1499999999997
237,2014-08-26,26.3,16.0,11.149999999999999,1002.2999999999997
238,2014-08-27,26.5,16.4,11.45,1013.7499999999998
239,2014-08-28,24.9,16.9,10.899999999999999,1024.6499999999999
240,2014-08-29,20.0,15.8,7.899999999999999,1032.55
241,2014-08-30,20.5,14.7,7.600000000000001,1040.1499999999999
242,2014-08-31,21.6,14.5,8.05,1048.1999999999998
243,2014-09-01,21.2,13.8,7.5,1055.6999999999998
244,2014-09-02,16.5,13.4,4.949999999999999,1060.6499999999999
245,2014-09-03,19.9,12.2,6.049999999999997,1066.6999999999998
246,2014-09-04,19.7,11.0,5.35,1072.0499999999997
247,2014-09-05,21.0,12.2,6.600000000000001,1078.6499999999996
248,2014-09-06,25.6,13.0,9.3,1087.9499999999996
249,2014-09-07,25.1,13.5,9.3,1097.2499999999995
250,2014-09-08,22.5,14.1,8.3,1105.5499999999995
251,2014-09-09,20.5,13.4,6.949999999999999,1112.4999999999995
252,2014-09-10,19.5,13.1,6.300000000000001,1118.7999999999995
253,2014-09-11,20.3,10.0,5.15,1123.9499999999996
254,2014-09-12,21.8,10.0,5.9,1129.8499999999997
255,2014-09-13,22.9,11.0,6.949999999999999,1136.7999999999997
256,2014-09-14,24.2,11.7,7.949999999999999,1144.7499999999998
257,2014-09-15,25.3,12.1,8.7,1153.4499999999998
258,2014-09-16,25.0,12.4,8.7,1162.1499999999999
259,2014-09-17,19.4,15.5,7.449999999999999,1169.6
260,2014-09-18,17.1,15.1,6.100000000000001,1175.6999999999998
261,2014-09-19,17.8,14.7,6.25,1181.9499999999998
262,2014-09-20,20.4,12.6,6.5,1188.4499999999998
263,2014-09-21,26.2,12.8,9.5,1197.9499999999998
264,2014-09-22,18.7,14.9,6.800000000000001,1204.7499999999998
265,2014-09-23,17.3,14.4,5.850000000000001,1210.5999999999997
266,2014-09-24,18.7,14.6,6.649999999999999,1217.2499999999998
267,2014-09-25,17.7,14.6,6.149999999999999,1223.3999999999999
268,2014-09-26,15.4,13.7,4.550000000000001,1227.9499999999998
269,2014-09-27,17.1,11.7,4.4,1232.35
270,2014-09-28,19.3,11.0,5.15,1237.5
271,2014-09-29,14.7,12.6,3.6499999999999986,1241.15
272,2014-09-30,17.1,10.1,3.6000000000000014,1244.75
273,2014-10-01,15.8,10.0,2.9000000000000004,1247.65
274,2014-10-02,16.5,10.0,3.25,1250.9
275,2014-10-03,18.0,10.0,4.0,1254.9
276,2014-10-04,19.4,13.3,6.350000000000001,1261.25
277,2014-10-05,20.7,13.8,7.25,1268.5
278,2014-10-06,19.2,13.1,6.149999999999999,1274.65
279,2014-10-07,18.1,12.1,5.100000000000001,1279.75
280,2014-10-08,17.2,12.9,5.050000000000001,1284.8
281,2014-10-09,18.2,12.7,5.449999999999999,1290.25
282,2014-10-10,16.3,12.0,4.15,1294.4
283,2014-10-11,16.7,11.6,4.149999999999999,1298.5500000000002
284,2014-10-12,14.1,11.1,2.5999999999999996,1301.15
285,2014-10-13,15.4,11.9,3.6500000000000004,1304.8000000000002
286,2014-10-14,14.5,10.9,2.6999999999999993,1307.5000000000002
287,2014-10-15,13.0,10.2,1.5999999999999996,1309.1000000000001
288,2014-10-16,14.5,11.6,3.0500000000000007,1312.15
289,2014-10-17,14.2,11.8,3.0,1315.15
290,2014-10-18,17.2,12.7,4.949999999999999,1320.1000000000001
291,2014-10-19,20.2,13.7,6.949999999999999,1327.0500000000002
292,2014-10-20,16.9,12.7,4.799999999999999,1331.8500000000001
293,2014-10-21,14.5,12.2,3.3499999999999996,1335.2
294,2014-10-22,15.4,11.5,3.4499999999999993,1338.65
295,2014-10-23,13.6,10.0,1.8000000000000007,1340.45
296,2014-10-24,13.9,10.0,1.9499999999999993,1342.4
297,2014-10-25,11.8,10.0,0.9000000000000004,1343.3000000000002
298,2014-10-26,12.8,10.0,1.4000000000000004,1344.7000000000003
299,2014-10-27,12.1,10.0,1.0500000000000007,1345.7500000000002
300,2014-10-28,13.1,10.0,1.5500000000000007,1347.3000000000002
301,2014-10-29,17.0,11.8,4.4,1351.7000000000003
302,2014-10-30,13.2,11.0,2.0999999999999996,1353.8000000000002
303,2014-10-31,12.3,10.0,1.1500000000000004,1354.9500000000003
304,2014-11-01,12.5,10.0,1.25,1356.2000000000003
305,2014-11-02,10.3,10.0,0.15000000000000036,1356.3500000000004
306,2014-11-03,12.2,10.0,1.0999999999999996,1357.4500000000003
307,2014-11-04,14.5,10.0,2.25,1359.7000000000003
308,2014-11-05,12.2,10.0,1.0999999999999996,1360.8000000000002
309,2014-11-06,15.4,10.6,3.0,1363.8000000000002
310,2014-11-07,12.7,10.0,1.3499999999999996,1365.15
311,2014-11-08,12.4,10.0,1.1999999999999993,1366.3500000000001
312,2014-11-09,11.2,10.0,0.5999999999999996,1366.95
313,2014-11-10,10.9,10.0,0.4499999999999993,1367.4
314,2014-11-11,9.1,10.0,0.0,1367.4
315,2014-11-12,7.9,10.0,0.0,1367.4
316,2014-11-13,7.1,10.0,0.0,1367.4
317,2014-11-14,7.5,10.0,0.0,1367.4
318,2014-11-15,7.4,10.0,0.0,1367.4
319,2014-11-16,7.6,10.0,0.0,1367.4
320,2014-11-17,8.1,10.0,0.0,1367.4
321,2014-11-18,8.0,10.0,0.0,1367.4
322,2014-11-19,8.5,10.0,0.0,1367.4
323,2014-11-20,11.4,10.0,0.6999999999999993,1368.1000000000001
324,2014-11-21,9.8,10.0,0.0,1368.1000000000001
325,2014-11-22,12.9,10.0,1.4499999999999993,1369.5500000000002
326,2014-11-23,10.7,10.0,0.34999999999999964,1369.9
327,2014-11-24,8.4,10.0,0.0,1369.9
328,2014-11-25,7.8,10.0,0.0,1369.9
329,2014-11-26,11.7,10.0,0.8499999999999996,1370.75
330,2014-11-27,14.2,10.8,2.5,1373.25
331,2014-11-28,12.7,10.0,1.3499999999999996,1374.6
332,2014-11-29,2.6,10.0,0.0,1374.6
333,2014-11-30,1.5,10.0,0.0,1374.6
334,2014-12-01,3.5,10.0,0.0,1374.6
335,2014-12-02,5.4,10.0,0.0,1374.6
336,2014-12-03,7.6,10.0,0.0,1374.6
337,2014-12-04,5.8,10.0,0.0,1374.6
338,2014-12-05,8.0,10.0,0.0,1374.6
339,2014-12-06,9.2,10.0,0.0,1374.6
340,2014-12-07,11.7,10.0,0.8499999999999996,1375.4499999999998
341,2014-12-08,12.4,10.0,1.1999999999999993,1376.6499999999999
342,2014-12-09,14.4,10.0,2.1999999999999993,1378.85
343,2014-12-10,13.4,10.0,1.6999999999999993,1380.55
344,2014-12-11,13.1,10.0,1.5500000000000007,1382.1
345,2014-12-12,12.8,10.0,1.4000000000000004,1383.5
346,2014-12-13,8.2,10.0,0.0,1383.5
347,2014-12-14,8.4,10.0,0.0,1383.5
348,2014-12-15,7.5,10.0,0.0,1383.5
349,2014-12-16,8.5,10.0,0.0,1383.5
350,2014-12-17,8.6,10.0,0.0,1383.5
351,2014-12-18,9.2,10.0,0.0,1383.5
352,2014-12-19,9.2,10.0,0.0,1383.5
353,2014-12-20,8.8,10.0,0.0,1383.5
354,2014-12-21,9.2,10.0,0.0,1383.5
355,2014-12-22,7.7,10.0,0.0,1383.5
356,2014-12-23,8.4,10.0,0.0,1383.5
357,2014-12-24,8.0,10.0,0.0,1383.5
358,2014-12-25,8.4,10.0,0.0,1383.5
359,2014-12-26,5.9,10.0,0.0,1383.5
360,2014-12-27,6.1,10.0,0.0,1383.5
361,2014-12-28,5.4,10.0,0.0,1383.5
362,2014-12-29,7.8,10.0,0.0,1383.5
363,2014-12-30,3.9,10.0,0.0,1383.5
364,2014-12-31,3.7,10.0,0.0,1383.5
0,2015-01-01,5.2,10.0,0.0,0.0
1,2015-01-02,4.0,10.0,0.0,0.0
2,2015-01-03,4.9,10.0,0.0,0.0
3,2015-01-04,6.3,10.0,0.0,0.0
4,2015-01-05,7.8,10.0,0.0,0.0
5,2015-01-06,9.9,10.0,0.0,0.0
6,2015-01-07,8.3,10.0,0.0,0.0
7,2015-01-08,5.6,10.0,0.0,0.0
8,2015-01-09,8.2,10.0,0.0,0.0
9,2015-01-10,7.2,10.0,0.0,0.0
10,2015-01-11,7.6,10.0,0.0,0.0
11,2015-01-12,8.2,10.0,0.0,0.0
12,2015-01-13,9.0,10.0,0.0,0.0
13,2015-01-14,6.5,10.0,0.0,0.0
14,2015-01-15,9.1,10.0,0.0,0.0
15,2015-01-16,10.1,10.0,0.05000000000000071,0.05000000000000071
16,2015-01-17,9.3,10.0,0.0,0.05000000000000071
17,2015-01-18,11.5,10.0,0.75,0.8000000000000007
18,2015-01-19,10.7,10.0,0.34999999999999964,1.1500000000000004
19,2015-01-20,9.5,10.0,0.0,1.1500000000000004
20,2015-01-21,7.8,10.0,0.0,1.1500000000000004
21,2015-01-22,9.0,10.0,0.0,1.1500000000000004
22,2015-01-23,11.1,10.0,0.5500000000000007,1.700000000000001
23,2015-01-24,11.2,10.0,0.5999999999999996,2.3000000000000007
24,2015-01-25,13.4,10.0,1.6999999999999993,4.0
25,2015-01-26,14.3,10.0,2.1500000000000004,6.15
26,2015-01-27,10.5,10.0,0.25,6.4
27,2015-01-28,11.5,10.0,0.75,7.15
28,2015-01-29,11.0,10.0,0.5,7.65
29,2015-01-30,10.2,10.0,0.09999999999999964,7.75
30,2015-01-31,7.0,10.0,0.0,7.75
31,2015-02-01,8.4,10.0,0.0,7.75
32,2015-02-02,8.6,10.0,0.0,7.75
33,2015-02-03,9.0,10.0,0.0,7.75
34,2015-02-04,8.8,10.0,0.0,7.75
35,2015-02-05,12.6,10.0,1.3000000000000007,9.05
36,2015-02-06,12.9,10.0,1.4499999999999993,10.5
37,2015-02-07,12.1,10.0,1.0500000000000007,11.55
38,2015-02-08,12.9,10.0,1.4499999999999993,13.0
39,2015-02-09,11.4,10.0,0.6999999999999993,13.7
40,2015-02-10,10.3,10.0,0.15000000000000036,13.85
41,2015-02-11,11.9,10.0,0.9499999999999993,14.799999999999999
42,2015-02-12,10.8,10.0,0.40000000000000036,15.2
43,2015-02-13,13.1,10.0,1.5500000000000007,16.75
44,2015-02-14,10.3,10.0,0.15000000000000036,16.9
45,2015-02-15,11.6,10.0,0.8000000000000007,17.7
46,2015-02-16,10.1,10.0,0.05000000000000071,17.75
47,2015-02-17,12.4,10.0,1.1999999999999993,18.95
48,2015-02-18,12.8,10.0,1.4000000000000004,20.35
49,2015-02-19,10.7,10.0,0.34999999999999964,20.700000000000003
50,2015-02-20,9.6,10.0,0.0,20.700000000000003
51,2015-02-21,10.5,10.0,0.25,20.950000000000003
52,2015-02-22,9.2,10.0,0.0,20.950000000000003
53,2015-02-23,10.6,10.0,0.3000000000000007,21.250000000000004
54,2015-02-24,10.0,10.0,0.0,21.250000000000004
55,2015-02-25,9.0,10.0,0.0,21.250000000000004
56,2015-02-26,10.0,10.0,0.0,21.250000000000004
57,2015-02-27,9.9,10.0,0.0,21.250000000000004
58,2015-02-28,10.9,10.0,0.4499999999999993,21.700000000000003
59,2015-03-01,9.0,10.0,0.0,21.700000000000003
60,2015-03-02,10.0,10.0,0.0,21.700000000000003
61,2015-03-03,9.0,10.0,0.0,21.700000000000003
62,2015-03-04,9.4,10.0,0.0,21.700000000000003
63,2015-03-05,12.8,10.0,1.4000000000000004,23.1
64,2015-03-06,12.5,10.0,1.25,24.35
65,2015-03-07,12.7,10.0,1.3499999999999996,25.700000000000003
66,2015-03-08,11.3,10.0,0.6500000000000004,26.35
67,2015-03-09,14.5,10.0,2.25,28.6
68,2015-03-10,10.1,10.0,0.05000000000000071,28.650000000000002
69,2015-03-11,12.5,10.0,1.25,29.900000000000002
70,2015-03-12,14.5,10.0,2.25,32.150000000000006
71,2015-03-13,14.8,10.0,2.4000000000000004,34.550000000000004
72,2015-03-14,16.3,10.0,3.1500000000000004,37.7
73,2015-03-15,9.8,10.0,0.0,37.7
74,2015-03-16,11.9,10.0,0.9499999999999993,38.650000000000006
75,2015-03-17,13.3,10.0,1.6500000000000004,40.300000000000004
76,2015-03-18,14.2,10.0,2.0999999999999996,42.400000000000006
77,2015-03-19,10.7,10.0,0.34999999999999964,42.75000000000001
78,2015-03-20,11.0,10.0,0.5,43.25000000000001
79,2015-03-21,13.7,10.0,1.8499999999999996,45.10000000000001
80,2015-03-22,11.5,10.0,0.75,45.85000000000001
81,2015-03-23,13.5,10.0,1.75,47.60000000000001
82,2015-03-24,13.1,10.0,1.5500000000000007,49.150000000000006
83,2015-03-25,10.0,10.0,0.0,49.150000000000006
84,2015-03-26,16.7,10.0,3.3499999999999996,52.50000000000001
85,2015-03-27,15.8,10.0,2.9000000000000004,55.400000000000006
86,2015-03-28,15.4,10.0,2.6999999999999993,58.10000000000001
87,2015-03-29,9.5,10.0,0.0,58.10000000000001
88,2015-03-30,13.9,10.0,1.9499999999999993,60.05000000000001
89,2015-03-31,13.3,10.0,1.6500000000000004,61.70000000000001
90,2015-04-01,12.2,10.0,1.0999999999999996,62.80000000000001
91,2015-04-02,12.8,10.0,1.4000000000000004,64.20000000000002
92,2015-04-03,11.1,10.0,0.5500000000000007,64.75000000000001
93,2015-04-04,11.7,10.0,0.8499999999999996,65.60000000000001
94,2015-04-05,13.5,10.0,1.75,67.35000000000001
95,2015-04-06,15.9,10.0,2.9499999999999993,70.30000000000001
96,2015-04-07,15.0,10.0,2.5,72.80000000000001
97,2015-04-08,15.1,10.0,2.5500000000000007,75.35000000000001
98,2015-04-09,16.8,10.0,3.4000000000000004,78.75000000000001
99,2015-04-10,12.9,10.0,1.4499999999999993,80.20000000000002
100,2015-04-11,12.5,10.0,1.25,81.45000000000002
101,2015-04-12,10.4,10.0,0.1999999999999993,81.65000000000002
102,2015-04-13,8.7,10.0,0.0,81.65000000000002
103,2015-04-14,12.5,10.0,1.25,82.90000000000002
105,2015-04-16,15.0,10.0,2.5,85.40000000000002
106,2015-04-17,16.3,10.0,3.1500000000000004,88.55000000000003
107,2015-04-18,14.9,10.0,2.4499999999999993,91.00000000000003
108,2015-04-19,15.9,10.0,2.9499999999999993,93.95000000000003
109,2015-04-20,19.2,10.0,4.6,98.55000000000003
110,2015-04-21,17.6,10.0,3.8000000000000007,102.35000000000002
111,2015-04-22,14.4,10.0,2.1999999999999993,104.55000000000003
112,2015-04-23,10.4,10.0,0.1999999999999993,104.75000000000003
113,2015-04-24,9.3,10.0,0.0,104.75000000000003
114,2015-04-25,13.1,10.0,1.5500000000000007,106.30000000000003
115,2015-04-26,15.8,10.0,2.9000000000000004,109.20000000000003
116,2015-04-27,18.4,10.0,4.199999999999999,113.40000000000003
117,2015-04-28,15.9,10.6,3.25,116.65000000000003
118,2015-04-29,15.4,10.0,2.6999999999999993,119.35000000000004
119,2015-04-30,12.4,10.0,1.1999999999999993,120.55000000000004
120,2015-05-01,16.7,10.0,3.3499999999999996,123.90000000000003
121,2015-05-02,15.8,10.0,2.9000000000000004,126.80000000000004
122,2015-05-03,18.4,10.0,4.199999999999999,131.00000000000003
123,2015-05-04,18.5,10.0,4.25,135.25000000000003
124,2015-05-05,14.5,10.0,2.25,137.50000000000003
125,2015-05-06,16.5,10.0,3.25,140.75000000000003
126,2015-05-07,18.0,10.0,4.0,144.75000000000003
127,2015-05-08,21.3,10.0,5.65,150.40000000000003
128,2015-05-09,22.7,10.1,6.399999999999999,156.80000000000004
129,2015-05-10,19.6,11.1,5.350000000000001,162.15000000000003
130,2015-05-11,17.8,12.2,5.0,167.15000000000003
131,2015-05-12,19.6,13.2,6.399999999999999,173.55000000000004
132,2015-05-13,16.5,12.2,4.35,177.90000000000003
133,2015-05-14,18.1,11.3,4.700000000000001,182.60000000000002
134,2015-05-15,19.3,12.3,5.800000000000001,188.40000000000003
135,2015-05-16,19.9,13.6,6.75,195.15000000000003
136,2015-05-17,18.6,13.5,6.050000000000001,201.20000000000005
137,2015-05-18,22.5,12.7,7.600000000000001,208.80000000000004
138,2015-05-19,22.3,12.3,7.300000000000001,216.10000000000005
139,2015-05-20,21.6,12.8,7.200000000000003,223.30000000000007
140,2015-05-21,24.3,13.1,8.7,232.00000000000006
141,2015-05-22,21.5,14.4,7.949999999999999,239.95000000000005
142,2015-05-23,18.5,13.7,6.100000000000001,246.05000000000004
143,2015-05-24,19.5,14.0,6.75,252.80000000000004
144,2015-05-25,17.3,12.9,5.100000000000001,257.90000000000003
145,2015-05-26,21.0,14.2,7.600000000000001,265.50000000000006
146,2015-05-27,21.8,15.9,8.850000000000001,274.3500000000001
147,2015-05-28,23.5,13.7,8.600000000000001,282.9500000000001
148,2015-05-29,24.6,14.4,9.5,292.4500000000001
149,2015-05-30,22.7,14.5,8.600000000000001,301.0500000000001
150,2015-05-31,21.2,13.7,7.449999999999999,308.5000000000001
151,2015-06-01,21.1,14.2,7.649999999999999,316.1500000000001
152,2015-06-02,15.9,12.8,4.350000000000001,320.5000000000001
153,2015-06-03,19.1,13.5,6.300000000000001,326.8000000000001
154,2015-06-04,22.3,14.1,8.2,335.0000000000001
155,2015-06-05,23.1,12.9,8.0,343.0000000000001
156,2015-06-06,25.2,13.6,9.399999999999999,352.4000000000001
157,2015-06-07,25.9,14.4,10.149999999999999,362.55000000000007
158,2015-06-08,24.3,14.3,9.3,371.8500000000001
159,2015-06-09,20.8,15.2,8.0,379.8500000000001
160,2015-06-10,22.5,12.6,7.550000000000001,387.4000000000001
161,2015-06-11,21.2,14.5,7.850000000000001,395.2500000000001
162,2015-06-12,20.5,12.8,6.649999999999999,401.9000000000001
163,2015-06-13,20.2,11.3,5.75,407.6500000000001
164,2015-06-14,24.5,12.4,8.45,416.1000000000001
165,2015-06-15,26.6,13.8,10.200000000000003,426.30000000000007
166,2015-06-16,24.2,14.4,9.3,435.6000000000001
167,2015-06-17,21.8,13.8,7.800000000000001,443.4000000000001
168,2015-06-18,22.4,14.5,8.45,451.8500000000001
169,2015-06-19,21.6,13.9,7.75,459.6000000000001
170,2015-06-20,21.0,12.8,6.899999999999999,466.50000000000006
171,2015-06-21,24.8,11.9,8.350000000000001,474.8500000000001
172,2015-06-22,25.4,14.7,10.049999999999997,484.9000000000001
173,2015-06-23,25.4,14.4,9.899999999999999,494.80000000000007
174,2015-06-24,23.4,15.1,9.25,504.05000000000007
175,2015-06-25,27.8,15.8,11.8,515.85
176,2015-06-26,26.7,16.2,11.45,527.3000000000001
177,2015-06-27,26.3,16.1,11.200000000000003,538.5000000000001
178,2015-06-28,27.1,18.2,12.649999999999999,551.1500000000001
179,2015-06-29,30.6,18.5,14.55,565.7
180,2015-06-30,27.0,18.0,12.5,578.2
181,2015-07-01,29.3,17.1,13.200000000000003,591.4000000000001
182,2015-07-02,25.6,18.4,12.0,603.4000000000001
183,2015-07-03,24.5,16.8,10.649999999999999,614.0500000000001
184,2015-07-04,25.6,16.4,11.0,625.0500000000001
185,2015-07-05,31.5,16.5,14.0,639.0500000000001
186,2015-07-06,30.0,16.3,13.149999999999999,652.2
187,2015-07-07,23.6,16.2,9.899999999999999,662.1
188,2015-07-08,26.0,15.8,10.899999999999999,673.0
189,2015-07-09,28.5,16.6,12.55,685.55
190,2015-07-10,23.8,17.2,10.5,696.05
191,2015-07-11,19.2,15.8,7.5,703.55
192,2015-07-12,22.3,15.8,9.05,712.5999999999999
193,2015-07-13,23.4,16.8,10.100000000000001,722.6999999999999
194,2015-07-14,23.9,14.3,9.100000000000001,731.8
195,2015-07-15,25.0,14.8,9.899999999999999,741.6999999999999
196,2015-07-16,23.5,15.6,9.55,751.2499999999999
197,2015-07-17,22.5,14.3,8.399999999999999,759.6499999999999
198,2015-07-18,29.4,14.4,11.899999999999999,771.5499999999998
199,2015-07-19,29.3,15.7,12.5,784.0499999999998
200,2015-07-20,25.7,16.5,11.100000000000001,795.1499999999999
201,2015-07-21,23.5,15.7,9.600000000000001,804.7499999999999
202,2015-07-22,23.5,14.5,9.0,813.7499999999999
203,2015-07-23,24.4,13.8,9.100000000000001,822.8499999999999
204,2015-07-24,18.8,14.1,6.449999999999999,829.3
205,2015-07-25,22.5,15.2,8.850000000000001,838.15
206,2015-07-26,19.6,13.4,6.5,844.65
207,2015-07-27,21.9,14.0,7.949999999999999,852.6
208,2015-07-28,24.2,15.5,9.850000000000001,862.45
209,2015-07-29,26.2,15.1,10.649999999999999,873.1
210,2015-07-30,29.1,15.1,12.100000000000001,885.2
211,2015-07-31,27.7,15.4,11.55,896.75
212,2015-08-01,26.6,14.6,10.600000000000001,907.35
213,2015-08-02,26.2,15.1,10.649999999999999,918.0
214,2015-08-03,27.0,15.1,11.05,929.05
215,2015-08-04,23.2,14.9,9.05,938.0999999999999
216,2015-08-05,19.7,14.9,7.300000000000001,945.3999999999999
217,2015-08-06,22.9,14.3,8.600000000000001,953.9999999999999
218,2015-08-07,24.8,13.7,9.25,963.2499999999999
219,2015-08-08,22.5,16.9,9.7,972.9499999999999
220,2015-08-09,25.4,17.2,11.299999999999997,984.2499999999999
221,2015-08-10,24.1,15.3,9.700000000000003,993.9499999999999
222,2015-08-11,27.8,15.1,11.45,1005.4
223,2015-08-12,28.8,15.8,12.3,1017.6999999999999
224,2015-08-13,27.2,17.1,12.149999999999999,1029.85
225,2015-08-14,20.5,15.8,8.149999999999999,1038.0
226,2015-08-15,20.7,14.4,7.550000000000001,1045.55
227,2015-08-16,22.0,14.4,8.2,1053.75
228,2015-08-17,23.6,13.2,8.399999999999999,1062.15
229,2015-08-18,23.6,14.2,8.899999999999999,1071.0500000000002
230,2015-08-19,25.1,14.7,9.899999999999999,1080.9500000000003
231,2015-08-20,22.9,15.7,9.299999999999997,1090.2500000000002
232,2015-08-21,24.4,14.8,9.600000000000001,1099.8500000000001
233,2015-08-22,25.2,13.6,9.399999999999999,1109.2500000000002
234,2015-08-23,24.5,13.2,8.850000000000001,1118.1000000000001
235,2015-08-24,23.8,14.7,9.25,1127.3500000000001
236,2015-08-25,22.3,12.1,7.199999999999999,1134.5500000000002
237,2015-08-26,24.0,13.2,8.600000000000001,1143.15
238,2015-08-27,26.2,15.0,10.600000000000001,1153.75
239,2015-08-28,19.4,15.2,7.299999999999997,1161.05
240,2015-08-29,20.7,15.1,7.899999999999999,1168.95
241,2015-08-30,20.2,14.1,7.149999999999999,1176.1000000000001
242,2015-08-31,16.0,13.8,4.9,1181.0000000000002
243,2015-09-01,16.0,13.8,4.9,1185.9000000000003
244,2015-09-02,17.1,10.6,3.8500000000000014,1189.7500000000002
245,2015-09-03,15.0,11.8,3.4000000000000004,1193.1500000000003
246,2015-09-04,17.3,10.0,3.6500000000000004,1196.8000000000004
247,2015-09-05,19.3,10.0,4.65,1201.4500000000005
248,2015-09-06,18.6,12.2,5.4,1206.8500000000006
249,2015-09-07,21.2,10.8,6.0,1212.8500000000006
250,2015-09-08,17.2,13.6,5.399999999999999,1218.2500000000007
251,2015-09-09,22.9,14.4,8.649999999999999,1226.9000000000008
252,2015-09-10,21.4,12.9,7.149999999999999,1234.0500000000009
253,2015-09-11,22.3,13.4,7.850000000000001,1241.9000000000008
254,2015-09-12,21.6,12.9,7.25,1249.1500000000008
255,2015-09-13,17.4,12.3,4.85,1254.0000000000007
256,2015-09-14,16.3,10.3,3.3000000000000007,1257.3000000000006
257,2015-09-15,17.6,10.1,3.8500000000000014,1261.1500000000005
258,2015-09-16,18.3,12.0,5.15,1266.3000000000006
259,2015-09-17,17.4,11.8,4.6,1270.9000000000005
260,2015-09-18,14.7,12.9,3.8000000000000007,1274.7000000000005
261,2015-09-19,15.2,13.3,4.25,1278.9500000000005
262,2015-09-20,20.1,13.3,6.700000000000003,1285.6500000000005
263,2015-09-21,17.1,10.0,3.5500000000000007,1289.2000000000005
264,2015-09-22,17.6,10.0,3.8000000000000007,1293.0000000000005
265,2015-09-23,17.2,11.1,4.149999999999999,1297.1500000000005
266,2015-09-24,15.9,13.2,4.550000000000001,1301.7000000000005
267,2015-09-25,17.0,10.0,3.5,1305.2000000000005
268,2015-09-26,15.6,10.0,2.8000000000000007,1308.0000000000005
269,2015-09-27,14.9,10.0,2.4499999999999993,1310.4500000000005
270,2015-09-28,16.4,10.0,3.1999999999999993,1313.6500000000005
271,2015-09-29,18.5,10.0,4.25,1317.9000000000005
272,2015-09-30,19.8,10.0,4.9,1322.8000000000006
273,2015-10-01,16.9,10.0,3.4499999999999993,1326.2500000000007
274,2015-10-02,13.3,11.1,2.1999999999999993,1328.4500000000007
275,2015-10-03,16.6,10.0,3.3000000000000007,1331.7500000000007
276,2015-10-04,18.1,10.0,4.050000000000001,1335.8000000000006
277,2015-10-05,18.3,10.0,4.15,1339.9500000000007
278,2015-10-06,18.4,10.1,4.25,1344.2000000000007
279,2015-10-07,14.6,13.0,3.8000000000000007,1348.0000000000007
280,2015-10-08,17.5,13.3,5.4,1353.4000000000008
281,2015-10-09,17.0,13.4,5.199999999999999,1358.6000000000008
282,2015-10-10,17.7,13.4,5.550000000000001,1364.1500000000008
283,2015-10-11,15.4,10.9,3.1500000000000004,1367.3000000000009
284,2015-10-12,12.8,11.7,2.25,1369.5500000000009
285,2015-10-13,14.6,10.0,2.3000000000000007,1371.8500000000008
286,2015-10-14,14.2,10.0,2.0999999999999996,1373.9500000000007
287,2015-10-15,17.7,10.0,3.8499999999999996,1377.8000000000006
288,2015-10-16,17.5,10.0,3.75,1381.5500000000006
289,2015-10-17,17.7,11.6,4.649999999999999,1386.2000000000007
290,2015-10-18,13.8,12.5,3.1500000000000004,1389.3500000000008
291,2015-10-19,15.2,11.7,3.4499999999999993,1392.8000000000009
292,2015-10-20,15.6,10.4,3.0,1395.8000000000009
293,2015-10-21,14.0,10.0,2.0,1397.8000000000009
294,2015-10-22,13.1,10.0,1.5500000000000007,1399.3500000000008
295,2015-10-23,12.7,10.0,1.3499999999999996,1400.7000000000007
296,2015-10-24,12.4,10.0,1.1999999999999993,1401.9000000000008
297,2015-10-25,14.4,10.0,2.1999999999999993,1404.1000000000008
298,2015-10-26,14.9,10.9,2.9000000000000004,1407.000000000001
299,2015-10-27,14.9,10.0,2.4499999999999993,1409.450000000001
300,2015-10-28,11.9,10.3,1.1000000000000014,1410.5500000000009
301,2015-10-29,14.7,10.9,2.8000000000000007,1413.3500000000008
302,2015-10-30,13.8,10.8,2.3000000000000007,1415.6500000000008
303,2015-10-31,14.0,10.3,2.1500000000000004,1417.8000000000009
304,2015-11-01,11.8,10.0,0.9000000000000004,1418.700000000001
305,2015-11-02,10.9,10.0,0.4499999999999993,1419.150000000001
306,2015-11-03,11.1,10.0,0.5500000000000007,1419.700000000001
307,2015-11-04,8.9,10.0,0.0,1419.700000000001
308,2015-11-05,10.5,10.0,0.25,1419.950000000001
309,2015-11-06,10.4,10.0,0.1999999999999993,1420.150000000001
310,2015-11-07,11.1,10.0,0.5500000000000007,1420.700000000001
311,2015-11-08,10.5,10.0,0.25,1420.950000000001
312,2015-11-09,11.2,10.0,0.5999999999999996,1421.5500000000009
313,2015-11-10,9.0,10.0,0.0,1421.5500000000009
314,2015-11-11,10.8,10.0,0.40000000000000036,1421.950000000001
315,2015-11-12,8.2,10.0,0.0,1421.950000000001
316,2015-11-13,11.3,10.0,0.6500000000000004,1422.600000000001
317,2015-11-14,8.8,10.0,0.0,1422.600000000001
318,2015-11-15,8.3,10.0,0.0,1422.600000000001
319,2015-11-16,6.4,10.0,0.0,1422.600000000001
320,2015-11-17,14.5,10.0,2.25,1424.850000000001
321,2015-11-18,8.3,10.0,0.0,1424.850000000001
322,2015-11-19,7.7,10.0,0.0,1424.850000000001
323,2015-11-20,8.5,10.0,0.0,1424.850000000001
324,2015-11-21,7.4,10.0,0.0,1424.850000000001
325,2015-11-22,7.6,10.0,0.0,1424.850000000001
326,2015-11-23,6.4,10.0,0.0,1424.850000000001
327,2015-11-24,10.8,10.0,0.40000000000000036,1425.2500000000011
328,2015-11-25,7.3,10.0,0.0,1425.2500000000011
329,2015-11-26,7.9,10.0,0.0,1425.2500000000011
330,2015-11-27,7.7,10.0,0.0,1425.2500000000011
331,2015-11-28,7.1,10.0,0.0,1425.2500000000011
332,2015-11-29,5.5,10.0,0.0,1425.2500000000011
333,2015-11-30,8.1,10.0,0.0,1425.2500000000011
334,2015-12-01,10.1,10.0,0.05000000000000071,1425.300000000001
335,2015-12-02,11.5,10.0,0.75,1426.050000000001
336,2015-12-03,15.2,10.0,2.5999999999999996,1428.650000000001
337,2015-12-04,10.5,10.0,0.25,1428.900000000001
338,2015-12-05,9.7,10.0,0.0,1428.900000000001
339,2015-12-06,11.4,10.0,0.6999999999999993,1429.600000000001
340,2015-12-07,10.8,10.0,0.40000000000000036,1430.0000000000011
341,2015-12-08,12.9,10.0,1.4499999999999993,1431.4500000000012
342,2015-12-09,12.7,10.0,1.3499999999999996,1432.800000000001
343,2015-12-10,10.9,10.0,0.4499999999999993,1433.2500000000011
344,2015-12-11,12.9,10.0,1.4499999999999993,1434.7000000000012
345,2015-12-12,9.3,10.0,0.0,1434.7000000000012
346,2015-12-13,9.2,10.0,0.0,1434.7000000000012
347,2015-12-14,6.4,10.0,0.0,1434.7000000000012
349,2015-12-16,7.7,10.0,0.0,1434.7000000000012
350,2015-12-17,4.9,10.0,0.0,1434.7000000000012
352,2015-12-19,7.7,10.0,0.0,1434.7000000000012
353,2015-12-20,8.8,10.0,0.0,1434.7000000000012
354,2015-12-21,6.6,10.0,0.0,1434.7000000000012
355,2015-12-22,6.5,10.0,0.0,1434.7000000000012
356,2015-12-23,6.2,10.0,0.0,1434.7000000000012
357,2015-12-24,4.5,10.0,0.0,1434.7000000000012
358,2015-12-25,5.5,10.0,0.0,1434.7000000000012
359,2015-12-26,4.8,10.0,0.0,1434.7000000000012
360,2015-12-27,6.2,10.0,0.0,1434.7000000000012
361,2015-12-28,5.8,10.0,0.0,1434.7000000000012
362,2015-12-29,7.2,10.0,0.0,1434.7000000000012
363,2015-12-30,4.8,10.0,0.0,1434.7000000000012
364,2015-12-31,4.8,10.0,0.0,1434.7000000000012
0,2016-01-01,3.2,10.0,0.0,0.0
1,2016-01-02,2.0,10.0,0.0,0.0
2,2016-01-03,3.8,10.0,0.0,0.0
3,2016-01-04,5.5,10.0,0.0,0.0
4,2016-01-05,4.4,10.0,0.0,0.0
5,2016-01-06,9.2,10.0,0.0,0.0
6,2016-01-07,6.2,10.0,0.0,0.0
7,2016-01-08,7.8,10.0,0.0,0.0
8,2016-01-09,8.4,10.0,0.0,0.0
9,2016-01-10,8.9,10.0,0.0,0.0
10,2016-01-11,6.8,10.0,0.0,0.0
11,2016-01-12,8.8,10.0,0.0,0.0
12,2016-01-13,8.5,10.0,0.0,0.0
13,2016-01-14,9.3,10.0,0.0,0.0
14,2016-01-15,7.3,10.0,0.0,0.0
15,2016-01-16,9.1,10.0,0.0,0.0
16,2016-01-17,10.7,10.0,0.34999999999999964,0.34999999999999964
17,2016-01-18,9.7,10.0,0.0,0.34999999999999964
18,2016-01-19,10.4,10.0,0.1999999999999993,0.5499999999999989
19,2016-01-20,8.9,10.0,0.0,0.5499999999999989
20,2016-01-21,10.5,10.0,0.25,0.7999999999999989
21,2016-01-22,10.8,10.0,0.40000000000000036,1.1999999999999993
22,2016-01-23,8.8,10.0,0.0,1.1999999999999993
23,2016-01-24,8.8,10.0,0.0,1.1999999999999993
24,2016-01-25,9.9,10.0,0.0,1.1999999999999993
25,2016-01-26,9.6,10.0,0.0,1.1999999999999993
26,2016-01-27,11.1,10.0,0.5500000000000007,1.75
27,2016-01-28,12.8,10.0,1.4000000000000004,3.1500000000000004
28,2016-01-29,8.4,10.0,0.0,3.1500000000000004
29,2016-01-30,7.0,10.0,0.0,3.1500000000000004
30,2016-01-31,6.6,10.0,0.0,3.1500000000000004
31,2016-02-01,7.6,10.0,0.0,3.1500000000000004
32,2016-02-02,7.4,10.0,0.0,3.1500000000000004
33,2016-02-03,7.6,10.0,0.0,3.1500000000000004
34,2016-02-04,8.2,10.0,0.0,3.1500000000000004
35,2016-02-05,10.1,10.0,0.05000000000000071,3.200000000000001
36,2016-02-06,9.2,10.0,0.0,3.200000000000001
37,2016-02-07,8.7,10.0,0.0,3.200000000000001
38,2016-02-08,11.7,10.0,0.8499999999999996,4.050000000000001
39,2016-02-09,13.7,10.0,1.8499999999999996,5.9
40,2016-02-10,11.3,10.0,0.6500000000000004,6.550000000000001
41,2016-02-11,11.5,10.0,0.75,7.300000000000001
42,2016-02-12,15.2,10.0,2.5999999999999996,9.9
43,2016-02-13,9.3,10.0,0.0,9.9
44,2016-02-14,8.8,10.0,0.0,9.9
45,2016-02-15,9.0,10.0,0.0,9.9
46,2016-02-16,11.6,10.0,0.8000000000000007,10.700000000000001
47,2016-02-17,10.8,10.0,0.40000000000000036,11.100000000000001
48,2016-02-18,8.9,10.0,0.0,11.100000000000001
49,2016-02-19,9.0,10.0,0.0,11.100000000000001
50,2016-02-20,10.4,10.0,0.1999999999999993,11.3
51,2016-02-21,9.3,10.0,0.0,11.3
52,2016-02-22,10.2,10.0,0.09999999999999964,11.4
53,2016-02-23,9.4,10.0,0.0,11.4
54,2016-02-24,12.6,10.0,1.3000000000000007,12.700000000000001
55,2016-02-25,11.9,10.0,0.9499999999999993,13.65
56,2016-02-26,11.9,10.0,0.9499999999999993,14.6
57,2016-02-27,11.5,10.0,0.75,15.35
58,2016-02-28,11.2,10.0,0.5999999999999996,15.95
59,2016-02-29,10.1,10.0,0.05000000000000071,16.0
60,2016-03-01,11.0,10.0,0.5,16.5
61,2016-03-02,10.5,10.0,0.25,16.75
62,2016-03-03,12.7,10.0,1.3499999999999996,18.1
63,2016-03-04,12.8,10.0,1.4000000000000004,19.5
64,2016-03-05,13.9,10.0,1.9499999999999993,21.45
65,2016-03-06,12.7,10.0,1.3499999999999996,22.799999999999997
66,2016-03-07,9.0,10.0,0.0,22.799999999999997
67,2016-03-08,9.0,10.0,0.0,22.799999999999997
68,2016-03-09,11.0,10.0,0.5,23.299999999999997
69,2016-03-10,11.6,10.0,0.8000000000000007,24.099999999999998
70,2016-03-11,10.2,10.0,0.09999999999999964,24.199999999999996
71,2016-03-12,11.3,10.0,0.6500000000000004,24.849999999999994
72,2016-03-13,8.9,10.0,0.0,24.849999999999994
73,2016-03-14,9.7,10.0,0.0,24.849999999999994
74,2016-03-15,9.2,10.0,0.0,24.849999999999994
75,2016-03-16,9.2,10.0,0.0,24.849999999999994
76,2016-03-17,12.2,10.0,1.0999999999999996,25.949999999999996
77,2016-03-18,13.5,10.0,1.75,27.699999999999996
78,2016-03-19,15.6,10.0,2.8000000000000007,30.499999999999996
79,2016-03-20,11.4,10.0,0.6999999999999993,31.199999999999996
80,2016-03-21,11.5,10.0,0.75,31.949999999999996
81,2016-03-22,14.5,10.0,2.25,34.199999999999996
82,2016-03-23,8.9,10.0,0.0,34.199999999999996
83,2016-03-24,9.7,10.0,0.0,34.199999999999996
84,2016-03-25,13.2,10.0,1.5999999999999996,35.8
85,2016-03-26,14.4,10.0,2.1999999999999993,38.0
86,2016-03-27,11.9,10.0,0.9499999999999993,38.95
87,2016-03-28,12.7,10.0,1.3499999999999996,40.300000000000004
88,2016-03-29,13.5,10.0,1.75,42.050000000000004
89,2016-03-30,17.3,10.0,3.6500000000000004,45.7
90,2016-03-31,18.8,10.0,4.4,50.1
91,2016-04-01,17.8,10.0,3.9000000000000004,54.0
92,2016-04-02,17.3,10.0,3.6500000000000004,57.65
93,2016-04-03,17.0,10.0,3.5,61.15
94,2016-04-04,14.5,10.0,2.25,63.4
95,2016-04-05,11.0,10.0,0.5,63.9
96,2016-04-06,17.3,10.0,3.6500000000000004,67.55
97,2016-04-07,17.8,10.0,3.9000000000000004,71.45
98,2016-04-08,20.2,10.0,5.1,76.55
99,2016-04-09,17.2,10.0,3.5999999999999996,80.14999999999999
100,2016-04-10,16.5,10.0,3.25,83.39999999999999
101,2016-04-11,14.3,10.5,2.4000000000000004,85.8
102,2016-04-12,12.1,10.0,1.0500000000000007,86.85
103,2016-04-13,12.1,10.0,1.0500000000000007,87.89999999999999
104,2016-04-14,14.5,10.0,2.25,90.14999999999999
105,2016-04-15,13.9,10.0,1.9499999999999993,92.1
106,2016-04-16,13.9,10.0,1.9499999999999993,94.05
107,2016-04-17,17.9,10.0,3.9499999999999993,98.0
108,2016-04-18,26.7,10.0,8.350000000000001,106.35
109,2016-04-19,20.4,11.2,5.799999999999999,112.14999999999999
110,2016-04-20,23.1,11.0,7.050000000000001,119.19999999999999
111,2016-04-21,21.9,13.1,7.5,126.69999999999999
112,2016-04-22,16.3,11.6,3.9499999999999993,130.64999999999998
113,2016-04-23,15.8,11.0,3.4000000000000004,134.04999999999998
114,2016-04-24,13.9,10.0,1.9499999999999993,135.99999999999997
115,2016-04-25,15.7,10.0,2.8499999999999996,138.84999999999997
116,2016-04-26,16.2,10.0,3.0999999999999996,141.94999999999996
117,2016-04-27,16.0,10.0,3.0,144.94999999999996
118,2016-04-28,18.6,10.7,4.65,149.59999999999997
119,2016-04-29,16.7,11.0,3.8499999999999996,153.44999999999996
120,2016-04-30,18.5,10.0,4.25,157.69999999999996
121,2016-05-01,22.3,10.0,6.149999999999999,163.84999999999997
122,2016-05-02,27.4,11.1,9.25,173.09999999999997
123,2016-05-03,22.1,15.2,8.649999999999999,181.74999999999997
124,2016-05-04,15.6,10.5,3.0500000000000007,184.79999999999998
125,2016-05-05,17.1,10.0,3.5500000000000007,188.35
126,2016-05-06,19.5,10.0,4.75,193.1
127,2016-05-07,21.7,10.0,5.85,198.95
128,2016-05-08,17.5,10.6,4.050000000000001,203.0
129,2016-05-09,18.7,10.0,4.35,207.35
130,2016-05-10,22.5,10.0,6.25,213.6
132,2016-05-12,21.5,10.0,5.75,219.35
133,2016-05-13,23.8,11.0,7.399999999999999,226.75
134,2016-05-14,23.8,13.5,8.649999999999999,235.4
135,2016-05-15,16.7,13.8,5.25,240.65
136,2016-05-16,16.0,12.3,4.15,244.8
137,2016-05-17,19.9,13.2,6.549999999999997,251.35000000000002
138,2016-05-18,18.8,13.2,6.0,257.35
139,2016-05-19,15.4,10.1,2.75,260.1
140,2016-05-20,17.7,10.0,3.8499999999999996,263.95000000000005
141,2016-05-21,20.0,10.0,5.0,268.95000000000005
142,2016-05-22,17.3,12.6,4.949999999999999,273.90000000000003
143,2016-05-23,16.4,12.6,4.5,278.40000000000003
144,2016-05-24,18.7,13.1,5.899999999999999,284.3
145,2016-05-25,19.7,12.9,6.300000000000001,290.6
146,2016-05-26,15.0,10.0,2.5,293.1
147,2016-05-27,16.2,10.0,3.0999999999999996,296.20000000000005
148,2016-05-28,12.2,10.0,1.0999999999999996,297.30000000000007
149,2016-05-29,18.4,10.7,4.549999999999999,301.8500000000001
150,2016-05-30,19.4,10.0,4.699999999999999,306.55000000000007
151,2016-05-31,20.7,11.0,5.85,312.4000000000001
152,2016-06-01,22.6,14.2,8.399999999999999,320.80000000000007
153,2016-06-02,20.6,14.1,7.350000000000001,328.1500000000001
154,2016-06-03,23.7,14.6,9.149999999999999,337.30000000000007
155,2016-06-04,24.9,14.5,9.7,347.00000000000006
156,2016-06-05,27.6,14.6,11.100000000000001,358.1000000000001
157,2016-06-06,26.5,14.8,10.649999999999999,368.75000000000006
158,2016-06-07,24.8,14.4,9.600000000000001,378.3500000000001
159,2016-06-08,19.1,14.8,6.950000000000003,385.30000000000007
160,2016-06-09,18.7,11.7,5.199999999999999,390.50000000000006
161,2016-06-10,18.1,11.6,4.850000000000001,395.3500000000001
162,2016-06-11,16.3,10.7,3.5,398.8500000000001
163,2016-06-12,19.9,12.6,6.25,405.1000000000001
164,2016-06-13,18.8,12.7,5.75,410.8500000000001
165,2016-06-14,13.8,10.0,1.9000000000000004,412.75000000000006
166,2016-06-15,16.3,10.0,3.1500000000000004,415.90000000000003
167,2016-06-16,19.0,10.0,4.5,420.40000000000003
168,2016-06-17,20.3,11.5,5.9,426.3
169,2016-06-18,17.5,12.1,4.800000000000001,431.1
170,2016-06-19,18.2,12.1,5.149999999999999,436.25
171,2016-06-20,22.2,10.0,6.100000000000001,442.35
172,2016-06-21,18.5,13.9,6.199999999999999,448.55
173,2016-06-22,21.2,13.6,7.399999999999999,455.95
174,2016-06-23,19.0,12.6,5.800000000000001,461.75
175,2016-06-24,18.1,12.7,5.4,467.15
176,2016-06-25,20.7,13.8,7.25,474.4
177,2016-06-26,23.4,12.3,7.850000000000001,482.25
178,2016-06-27,26.0,13.9,9.95,492.2
179,2016-06-28,24.1,14.4,9.25,501.45
180,2016-06-29,24.3,15.8,10.05,511.5
181,2016-06-30,21.4,14.3,7.850000000000001,519.35
182,2016-07-01,21.8,15.8,8.8,528.15
183,2016-07-02,24.3,15.9,10.100000000000001,538.25
184,2016-07-03,22.2,16.0,9.100000000000001,547.35
185,2016-07-04,21.2,14.6,7.899999999999999,555.25
186,2016-07-05,17.6,13.6,5.600000000000001,560.85
187,2016-07-06,22.1,13.9,8.0,568.85
188,2016-07-07,16.6,14.9,5.75,574.6
189,2016-07-08,19.8,14.8,7.300000000000001,581.9
190,2016-07-09,20.9,13.5,7.199999999999999,589.1
191,2016-07-10,22.4,13.0,7.699999999999999,596.8000000000001
192,2016-07-11,20.1,14.4,7.25,604.0500000000001
193,2016-07-12,23.4,14.6,9.0,613.0500000000001
194,2016-07-13,21.6,14.7,8.149999999999999,621.2
195,2016-07-14,20.8,13.8,7.300000000000001,628.5
196,2016-07-15,22.2,14.6,8.399999999999999,636.9
197,2016-07-16,22.3,16.5,9.399999999999999,646.3
198,2016-07-17,24.8,14.8,9.8,656.0999999999999
199,2016-07-18,24.2,15.9,10.05,666.1499999999999
200,2016-07-19,23.5,16.7,10.100000000000001,676.2499999999999
201,2016-07-20,24.1,16.7,10.399999999999999,686.6499999999999
202,2016-07-21,25.1,14.5,9.8,696.4499999999998
203,2016-07-22,23.4,16.1,9.75,706.1999999999998
204,2016-07-23,23.0,14.6,8.8,714.9999999999998
205,2016-07-24,25.0,14.9,9.95,724.9499999999998
206,2016-07-25,26.3,16.3,11.3,736.2499999999998
207,2016-07-26,24.4,15.8,10.100000000000001,746.3499999999998
208,2016-07-27,25.5,16.2,10.850000000000001,757.1999999999998
209,2016-07-28,25.2,17.0,11.100000000000001,768.2999999999998
210,2016-07-29,24.7,18.3,11.5,779.7999999999998
211,2016-07-30,23.3,15.4,9.350000000000001,789.1499999999999
212,2016-07-31,23.2,14.8,9.0,798.1499999999999
213,2016-08-01,25.0,14.1,9.55,807.6999999999998
214,2016-08-02,17.7,14.1,5.899999999999999,813.5999999999998
215,2016-08-03,22.2,14.6,8.399999999999999,821.9999999999998
216,2016-08-04,23.6,14.2,8.899999999999999,830.8999999999997
217,2016-08-05,23.7,14.4,9.05,839.9499999999997
218,2016-08-06,22.5,13.7,8.100000000000001,848.0499999999997
219,2016-08-07,19.0,13.5,6.25,854.2999999999997
220,2016-08-08,21.0,14.4,7.699999999999999,861.9999999999998
221,2016-08-09,18.4,15.2,6.799999999999997,868.7999999999997
222,2016-08-10,22.1,16.1,9.100000000000001,877.8999999999997
223,2016-08-11,22.6,14.7,8.649999999999999,886.5499999999997
224,2016-08-12,25.8,15.3,10.55,897.0999999999997
225,2016-08-13,25.9,16.8,11.350000000000001,908.4499999999997
226,2016-08-14,25.3,16.0,10.649999999999999,919.0999999999997
227,2016-08-15,25.9,14.8,10.350000000000001,929.4499999999997
228,2016-08-16,23.9,15.3,9.600000000000001,939.0499999999997
229,2016-08-17,23.5,14.3,8.899999999999999,947.9499999999997
230,2016-08-18,24.3,16.5,10.399999999999999,958.3499999999997
231,2016-08-19,29.8,15.2,12.5,970.8499999999997
232,2016-08-20,26.4,14.2,10.299999999999997,981.1499999999996
233,2016-08-21,22.5,14.6,8.55,989.6999999999996
234,2016-08-22,21.8,13.3,7.550000000000001,997.2499999999995
235,2016-08-23,22.0,12.1,7.050000000000001,1004.2999999999995
236,2016-08-24,25.8,13.3,9.55,1013.8499999999995
237,2016-08-25,28.7,14.5,11.600000000000001,1025.4499999999994
238,2016-08-26,29.5,15.7,12.600000000000001,1038.0499999999993
239,2016-08-27,24.2,16.8,10.5,1048.5499999999993
240,2016-08-28,21.9,15.4,8.649999999999999,1057.1999999999994
241,2016-08-29,24.4,14.0,9.2,1066.3999999999994
242,2016-08-30,22.5,15.4,8.95,1075.3499999999995
243,2016-08-31,17.3,15.3,6.300000000000001,1081.6499999999994
244,2016-09-01,18.3,13.3,5.800000000000001,1087.4499999999994
245,2016-09-02,17.6,13.0,5.300000000000001,1092.7499999999993
246,2016-09-03,18.8,12.7,5.75,1098.4999999999993
247,2016-09-04,20.2,11.2,5.699999999999999,1104.1999999999994
248,2016-09-05,15.1,13.4,4.25,1108.4499999999994
249,2016-09-06,19.0,12.5,5.75,1114.1999999999994
250,2016-09-07,16.3,13.8,5.050000000000001,1119.2499999999993
251,2016-09-08,21.2,12.6,6.899999999999999,1126.1499999999994
252,2016-09-09,21.7,12.5,7.100000000000001,1133.2499999999993
253,2016-09-10,21.2,15.2,8.2,1141.4499999999994
254,2016-09-11,18.8,10.5,4.65,1146.0999999999995
255,2016-09-12,20.7,10.4,5.550000000000001,1151.6499999999994
256,2016-09-13,21.3,10.7,6.0,1157.6499999999994
257,2016-09-14,20.9,10.8,5.85,1163.4999999999993
258,2016-09-15,21.1,12.6,6.850000000000001,1170.3499999999992
259,2016-09-16,21.0,13.6,7.300000000000001,1177.6499999999992
260,2016-09-17,16.6,12.7,4.65,1182.2999999999993
261,2016-09-18,20.4,12.0,6.199999999999999,1188.4999999999993
262,2016-09-19,16.6,12.3,4.450000000000001,1192.9499999999994
263,2016-09-20,17.4,11.4,4.399999999999999,1197.3499999999995
264,2016-09-21,18.1,10.0,4.050000000000001,1201.3999999999994
265,2016-09-22,20.2,10.4,5.300000000000001,1206.6999999999994
266,2016-09-23,14.2,11.4,2.8000000000000007,1209.4999999999993
267,2016-09-24,16.3,10.0,3.1500000000000004,1212.6499999999994
268,2016-09-25,19.5,12.6,6.050000000000001,1218.6999999999994
269,2016-09-26,18.1,11.4,4.75,1223.4499999999994
270,2016-09-27,16.2,11.9,4.050000000000001,1227.4999999999993
271,2016-09-28,15.4,10.0,2.6999999999999993,1230.1999999999994
272,2016-09-29,15.8,10.0,2.9000000000000004,1233.0999999999995
273,2016-09-30,15.5,10.0,2.75,1235.8499999999995
274,2016-10-01,14.0,10.8,2.4000000000000004,1238.2499999999995
275,2016-10-02,15.1,10.2,2.6499999999999986,1240.8999999999996
276,2016-10-03,15.6,10.0,2.8000000000000007,1243.6999999999996
277,2016-10-04,13.4,11.0,2.1999999999999993,1245.8999999999996
278,2016-10-05,16.9,11.7,4.299999999999999,1250.1999999999996
279,2016-10-06,13.8,11.7,2.75,1252.9499999999996
280,2016-10-07,14.6,11.4,3.0,1255.9499999999996
281,2016-10-08,11.7,10.0,0.8499999999999996,1256.7999999999995
282,2016-10-09,15.5,10.0,2.75,1259.5499999999995
283,2016-10-10,14.0,10.0,2.0,1261.5499999999995
284,2016-10-11,13.0,10.0,1.5,1263.0499999999995
285,2016-10-12,14.0,10.0,2.0,1265.0499999999995
286,2016-10-13,12.6,10.5,1.5500000000000007,1266.5999999999995
287,2016-10-14,14.1,11.3,2.6999999999999993,1269.2999999999995
288,2016-10-15,13.7,10.8,2.25,1271.5499999999995
289,2016-10-16,13.0,10.8,1.9000000000000004,1273.4499999999996
290,2016-10-17,11.8,10.2,1.0,1274.4499999999996
291,2016-10-18,12.3,10.3,1.3000000000000007,1275.7499999999995
292,2016-10-19,13.3,10.1,1.6999999999999993,1277.4499999999996
293,2016-10-20,13.4,10.0,1.6999999999999993,1279.1499999999996
294,2016-10-21,11.6,10.0,0.8000000000000007,1279.9499999999996
295,2016-10-22,12.6,10.0,1.3000000000000007,1281.2499999999995
296,2016-10-23,13.4,10.4,1.9000000000000004,1283.1499999999996
297,2016-10-24,14.3,10.8,2.5500000000000007,1285.6999999999996
298,2016-10-25,14.4,10.4,2.4000000000000004,1288.0999999999997
299,2016-10-26,12.3,10.0,1.1500000000000004,1289.2499999999998
300,2016-10-27,13.0,10.7,1.8499999999999996,1291.0999999999997
301,2016-10-28,15.0,10.2,2.5999999999999996,1293.6999999999996
302,2016-10-29,10.6,10.0,0.3000000000000007,1293.9999999999995
303,2016-10-30,13.4,10.0,1.6999999999999993,1295.6999999999996
304,2016-10-31,10.9,10.0,0.4499999999999993,1296.1499999999996
305,2016-11-01,11.7,10.0,0.8499999999999996,1296.9999999999995
306,2016-11-02,11.9,10.0,0.9499999999999993,1297.9499999999996
307,2016-11-03,14.0,10.7,2.3499999999999996,1300.2999999999995
308,2016-11-04,16.5,10.0,3.25,1303.5499999999995
309,2016-11-05,13.3,10.7,2.0,1305.5499999999995
310,2016-11-06,11.8,10.0,0.9000000000000004,1306.4499999999996
311,2016-11-07,14.1,10.4,2.25,1308.6999999999996
312,2016-11-08,18.0,12.4,5.199999999999999,1313.8999999999996
313,2016-11-09,13.8,11.2,2.5,1316.3999999999996
314,2016-11-10,14.3,10.0,2.1500000000000004,1318.5499999999997
315,2016-11-11,15.2,11.3,3.25,1321.7999999999997
316,2016-11-12,13.5,10.0,1.75,1323.5499999999997
317,2016-11-13,10.6,10.0,0.3000000000000007,1323.8499999999997
318,2016-11-14,13.4,10.0,1.6999999999999993,1325.5499999999997
319,2016-11-15,9.8,10.0,0.0,1325.5499999999997
320,2016-11-16,8.4,10.0,0.0,1325.5499999999997
321,2016-11-17,9.1,10.0,0.0,1325.5499999999997
322,2016-11-18,9.9,10.0,0.0,1325.5499999999997
323,2016-11-19,12.3,10.0,1.1500000000000004,1326.6999999999998
324,2016-11-20,11.6,10.0,0.8000000000000007,1327.4999999999998
325,2016-11-21,12.2,10.0,1.0999999999999996,1328.5999999999997
326,2016-11-22,10.2,10.0,0.09999999999999964,1328.6999999999996
327,2016-11-23,9.3,10.0,0.0,1328.6999999999996
328,2016-11-24,10.0,10.0,0.0,1328.6999999999996
329,2016-11-25,10.5,10.0,0.25,1328.9499999999996
330,2016-11-26,7.7,10.0,0.0,1328.9499999999996
331,2016-11-27,7.6,10.0,0.0,1328.9499999999996
332,2016-11-28,9.0,10.0,0.0,1328.9499999999996
333,2016-11-29,8.6,10.0,0.0,1328.9499999999996
334,2016-11-30,8.4,10.0,0.0,1328.9499999999996
335,2016-12-01,7.7,10.0,0.0,1328.9499999999996
336,2016-12-02,8.6,10.0,0.0,1328.9499999999996
337,2016-12-03,8.0,10.0,0.0,1328.9499999999996
338,2016-12-04,6.9,10.0,0.0,1328.9499999999996
339,2016-12-05,3.6,10.0,0.0,1328.9499999999996
341,2016-12-07,2.0,10.0,0.0,1328.9499999999996
342,2016-12-08,1.7,10.0,0.0,1328.9499999999996
343,2016-12-09,2.5,10.0,0.0,1328.9499999999996
344,2016-12-10,3.7,10.0,0.0,1328.9499999999996
345,2016-12-11,5.0,10.0,0.0,1328.9499999999996
346,2016-12-12,5.2,10.0,0.0,1328.9499999999996
347,2016-12-13,3.6,10.0,0.0,1328.9499999999996
348,2016-12-14,1.1,10.0,0.0,1328.9499999999996
349,2016-12-15,2.1,10.0,0.0,1328.9499999999996
350,2016-12-16,0.5,10.0,0.0,1328.9499999999996
351,2016-12-17,0.1,10.0,0.0,1328.9499999999996
352,2016-12-18,3.8,10.0,0.0,1328.9499999999996
353,2016-12-19,5.6,10.0,0.0,1328.9499999999996
354,2016-12-20,8.9,10.0,0.0,1328.9499999999996
355,2016-12-21,7.1,10.0,0.0,1328.9499999999996
356,2016-12-22,6.7,10.0,0.0,1328.9499999999996
357,2016-12-23,5.1,10.0,0.0,1328.9499999999996
358,2016-12-24,4.9,10.0,0.0,1328.9499999999996
359,2016-12-25,4.3,10.0,0.0,1328.9499999999996
360,2016-12-26,4.0,10.0,0.0,1328.9499999999996
361,2016-12-27,6.8,10.0,0.0,1328.9499999999996
362,2016-12-28,5.3,10.0,0.0,1328.9499999999996
363,2016-12-29,5.3,10.0,0.0,1328.9499999999996
364,2016-12-30,4.9,10.0,0.0,1328.9499999999996
365,2016-12-31,3.5,10.0,0.0,1328.9499999999996
0,2017-01-01,3.2,10.0,0.0,0.0
1,2017-01-02,3.6,10.0,0.0,0.0
2,2017-01-03,2.6,10.0,0.0,0.0
3,2017-01-04,4.5,10.0,0.0,0.0
4,2017-01-05,3.3,10.0,0.0,0.0
5,2017-01-06,3.9,10.0,0.0,0.0
6,2017-01-07,3.6,10.0,0.0,0.0
7,2017-01-08,3.7,10.0,0.0,0.0
8,2017-01-09,6.8,10.0,0.0,0.0
9,2017-01-10,5.3,10.0,0.0,0.0
10,2017-01-11,3.4,10.0,0.0,0.0
11,2017-01-12,2.6,10.0,0.0,0.0
12,2017-01-13,1.7,10.0,0.0,0.0
13,2017-01-14,4.6,10.0,0.0,0.0
14,2017-01-15,6.0,10.0,0.0,0.0
15,2017-01-16,6.8,10.0,0.0,0.0
16,2017-01-17,9.1,10.0,0.0,0.0
17,2017-01-18,10.7,10.0,0.34999999999999964,0.34999999999999964
18,2017-01-19,8.4,10.0,0.0,0.34999999999999964
19,2017-01-20,8.9,10.0,0.0,0.34999999999999964
20,2017-01-21,10.8,10.0,0.40000000000000036,0.75
21,2017-01-22,7.4,10.0,0.0,0.75
22,2017-01-23,7.7,10.0,0.0,0.75
23,2017-01-24,5.8,10.0,0.0,0.75
24,2017-01-25,6.3,10.0,0.0,0.75
25,2017-01-26,8.5,10.0,0.0,0.75
26,2017-01-27,8.9,10.0,0.0,0.75
27,2017-01-28,8.8,10.0,0.0,0.75
28,2017-01-29,8.5,10.0,0.0,0.75
29,2017-01-30,7.1,10.0,0.0,0.75
30,2017-01-31,6.8,10.0,0.0,0.75
31,2017-02-01,8.0,10.0,0.0,0.75
32,2017-02-02,7.0,10.0,0.0,0.75
33,2017-02-03,2.2,10.0,0.0,0.75
34,2017-02-04,2.8,10.0,0.0,0.75
35,2017-02-05,3.1,10.0,0.0,0.75
36,2017-02-06,1.6,10.0,0.0,0.75
37,2017-02-07,5.0,10.0,0.0,0.75
38,2017-02-08,0.8,10.0,0.0,0.75
39,2017-02-09,7.8,10.0,0.0,0.75
40,2017-02-10,7.5,10.0,0.0,0.75
41,2017-02-11,7.6,10.0,0.0,0.75
42,2017-02-12,8.9,10.0,0.0,0.75
43,2017-02-13,10.3,10.0,0.15000000000000036,0.9000000000000004
44,2017-02-14,10.1,10.0,0.05000000000000071,0.9500000000000011
45,2017-02-15,12.9,10.0,1.4499999999999993,2.4000000000000004
46,2017-02-16,12.5,10.0,1.25,3.6500000000000004
47,2017-02-17,11.2,10.0,0.5999999999999996,4.25
48,2017-02-18,7.5,10.0,0.0,4.25
49,2017-02-19,7.5,10.0,0.0,4.25
50,2017-02-20,10.1,10.0,0.05000000000000071,4.300000000000001
51,2017-02-21,7.8,10.0,0.0,4.300000000000001
52,2017-02-22,7.6,10.0,0.0,4.300000000000001
53,2017-02-23,6.5,10.0,0.0,4.300000000000001
54,2017-02-24,7.4,10.0,0.0,4.300000000000001
55,2017-02-25,5.7,10.0,0.0,4.300000000000001
56,2017-02-26,8.8,10.0,0.0,4.300000000000001
57,2017-02-27,4.5,10.0,0.0,4.300000000000001
58,2017-02-28,6.4,10.0,0.0,4.300000000000001
59,2017-03-01,8.6,10.0,0.0,4.300000000000001
60,2017-03-02,7.2,10.0,0.0,4.300000000000001
61,2017-03-03,8.0,10.0,0.0,4.300000000000001
62,2017-03-04,7.0,10.0,0.0,4.300000000000001
63,2017-03-05,4.4,10.0,0.0,4.300000000000001
64,2017-03-06,6.5,10.0,0.0,4.300000000000001
65,2017-03-07,3.7,10.0,0.0,4.300000000000001
66,2017-03-08,7.1,10.0,0.0,4.300000000000001
67,2017-03-09,5.5,10.0,0.0,4.300000000000001
68,2017-03-10,10.6,10.0,0.3000000000000007,4.600000000000001
69,2017-03-11,7.9,10.0,0.0,4.600000000000001
70,2017-03-12,9.3,10.0,0.0,4.600000000000001
71,2017-03-13,8.4,10.0,0.0,4.600000000000001
72,2017-03-14,12.8,10.0,1.4000000000000004,6.000000000000002
73,2017-03-15,10.6,10.0,0.3000000000000007,6.3000000000000025
74,2017-03-16,8.4,10.0,0.0,6.3000000000000025
75,2017-03-17,8.1,10.0,0.0,6.3000000000000025
76,2017-03-18,9.1,10.0,0.0,6.3000000000000025
77,2017-03-19,10.5,10.0,0.25,6.5500000000000025
78,2017-03-20,10.1,10.0,0.05000000000000071,6.600000000000003
79,2017-03-21,9.8,10.0,0.0,6.600000000000003
80,2017-03-22,12.1,10.0,1.0500000000000007,7.650000000000004
81,2017-03-23,11.3,10.0,0.6500000000000004,8.300000000000004
82,2017-03-24,10.4,10.0,0.1999999999999993,8.500000000000004
83,2017-03-25,11.5,10.0,0.75,9.250000000000004
84,2017-03-26,8.8,10.0,0.0,9.250000000000004
85,2017-03-27,11.5,10.0,0.75,10.000000000000004
86,2017-03-28,8.0,10.0,0.0,10.000000000000004
87,2017-03-29,13.9,10.0,1.9499999999999993,11.950000000000003
88,2017-03-30,13.5,10.0,1.75,13.700000000000003
89,2017-03-31,12.0,10.0,1.0,14.700000000000003
90,2017-04-01,13.0,10.0,1.5,16.200000000000003
91,2017-04-02,11.3,10.0,0.6500000000000004,16.85
92,2017-04-03,11.4,10.0,0.6999999999999993,17.55
93,2017-04-04,14.1,10.0,2.0500000000000007,19.6
94,2017-04-05,10.0,10.0,0.0,19.6
95,2017-04-06,11.7,10.0,0.8499999999999996,20.450000000000003
96,2017-04-07,12.8,10.0,1.4000000000000004,21.85
97,2017-04-08,8.9,10.0,0.0,21.85
98,2017-04-09,12.0,10.0,1.0,22.85
99,2017-04-10,10.5,10.0,0.25,23.1
100,2017-04-11,13.0,10.0,1.5,24.6
101,2017-04-12,11.2,10.0,0.5999999999999996,25.200000000000003
102,2017-04-13,11.9,10.0,0.9499999999999993,26.150000000000002
103,2017-04-14,11.5,10.0,0.75,26.900000000000002
104,2017-04-15,13.3,10.0,1.6500000000000004,28.550000000000004
105,2017-04-16,13.4,10.0,1.6999999999999993,30.250000000000004
106,2017-04-17,13.3,10.0,1.6500000000000004,31.900000000000006
107,2017-04-18,15.7,10.0,2.8499999999999996,34.75000000000001
108,2017-04-19,13.2,10.0,1.5999999999999996,36.35000000000001
109,2017-04-20,14.4,10.0,2.1999999999999993,38.55000000000001
110,2017-04-21,15.8,10.0,2.9000000000000004,41.45000000000001
111,2017-04-22,14.5,10.0,2.25,43.70000000000001
112,2017-04-23,12.9,10.0,1.4499999999999993,45.150000000000006
113,2017-04-24,13.7,10.0,1.8499999999999996,47.00000000000001
114,2017-04-25,13.7,10.0,1.8499999999999996,48.85000000000001
115,2017-04-26,15.8,10.0,2.9000000000000004,51.75000000000001
116,2017-04-27,13.6,10.0,1.8000000000000007,53.55000000000001
117,2017-04-28,14.4,10.0,2.1999999999999993,55.750000000000014
118,2017-04-29,10.7,10.0,0.34999999999999964,56.100000000000016
119,2017-04-30,15.7,10.0,2.8499999999999996,58.95000000000002
120,2017-05-01,12.0,10.0,1.0,59.95000000000002
121,2017-05-02,15.8,10.0,2.9000000000000004,62.850000000000016
122,2017-05-03,13.5,10.4,1.9499999999999993,64.80000000000001
123,2017-05-04,22.3,10.0,6.149999999999999,70.95000000000002
124,2017-05-05,14.9,11.1,3.0,73.95000000000002
125,2017-05-06,14.5,10.0,2.25,76.20000000000002
126,2017-05-07,15.3,10.0,2.6500000000000004,78.85000000000002
127,2017-05-08,16.3,10.0,3.1500000000000004,82.00000000000003
128,2017-05-09,15.9,10.0,2.9499999999999993,84.95000000000003
129,2017-05-10,17.4,10.7,4.049999999999999,89.00000000000003
130,2017-05-11,14.2,10.0,2.0999999999999996,91.10000000000002
131,2017-05-12,14.0,10.0,2.0,93.10000000000002
132,2017-05-13,13.8,10.0,1.9000000000000004,95.00000000000003
133,2017-05-14,15.4,10.0,2.6999999999999993,97.70000000000003
134,2017-05-15,10.6,10.0,0.3000000000000007,98.00000000000003
136,2017-05-17,14.8,10.0,2.4000000000000004,100.40000000000003
137,2017-05-18,18.0,10.8,4.4,104.80000000000004
138,2017-05-19,17.9,10.3,4.1,108.90000000000003
139,2017-05-20,19.9,10.0,4.949999999999999,113.85000000000004
140,2017-05-21,20.1,10.6,5.350000000000001,119.20000000000005
141,2017-05-22,24.7,11.7,8.2,127.40000000000005
142,2017-05-23,23.5,12.0,7.75,135.15000000000003
143,2017-05-24,17.1,10.0,3.5500000000000007,138.70000000000005
144,2017-05-25,19.4,10.0,4.699999999999999,143.40000000000003
145,2017-05-26,22.2,10.2,6.199999999999999,149.60000000000002
146,2017-05-27,25.4,11.6,8.5,158.10000000000002
147,2017-05-28,27.1,13.0,10.05,168.15000000000003
148,2017-05-29,24.6,12.9,8.75,176.90000000000003
149,2017-05-30,17.1,12.4,4.75,181.65000000000003
150,2017-05-31,18.4,12.4,5.399999999999999,187.05000000000004
151,2017-06-01,17.9,13.0,5.449999999999999,192.50000000000003
152,2017-06-02,19.4,11.7,5.549999999999999,198.05000000000004
153,2017-06-03,18.6,12.1,5.350000000000001,203.40000000000003
154,2017-06-04,19.2,11.1,5.149999999999999,208.55000000000004
155,2017-06-05,20.3,10.8,5.550000000000001,214.10000000000005
156,2017-06-06,26.0,11.6,8.8,222.90000000000006
157,2017-06-07,24.1,15.1,9.600000000000001,232.50000000000006
158,2017-06-08,20.0,12.6,6.300000000000001,238.80000000000007
159,2017-06-09,17.9,11.5,4.699999999999999,243.50000000000006
160,2017-06-10,18.8,11.7,5.25,248.75000000000006
161,2017-06-11,20.1,10.6,5.350000000000001,254.10000000000005
162,2017-06-12,19.9,14.6,7.25,261.35
