,Date/Time,Max Temp (°C),Min Temp (°C)
0,2013-01-01,-0.8,-6.6
1,2013-01-02,-1.2,-5.3
2,2013-01-03,-0.6,-6.8
3,2013-01-04,0.2,-1.9
4,2013-01-05,2.5,-0.2
5,2013-01-06,3.0,-3.5
6,2013-01-07,2.1,-5.8
7,2013-01-08,3.1,0.1
8,2013-01-09,7.4,0.4
9,2013-01-10,5.7,1.3
10,2013-01-11,6.5,3.3
11,2013-01-12,10.3,2.9
12,2013-01-13,14.1,5.1
13,2013-01-14,5.4,-2.4
14,2013-01-15,1.3,-3.3
15,2013-01-16,3.7,-2.5
16,2013-01-17,2.2,-9.4
17,2013-01-18,2.3,-10.2
18,2013-01-19,7.3,2.3
19,2013-01-20,7.2,-7.2
20,2013-01-21,-5.1,-10.4
21,2013-01-22,-10.3,-13.5
22,2013-01-23,-8.7,-16.5
23,2013-01-24,-8.9,-13.5
24,2013-01-25,-7.1,-12.2
25,2013-01-26,-2.9,-8.1
26,2013-01-27,-0.6,-12.0
27,2013-01-28,3.3,-1.4
28,2013-01-29,4.5,1.0
29,2013-01-30,9.5,4.4
30,2013-01-31,6.8,-5.5
31,2013-02-01,-5.0,-8.5
32,2013-02-02,-4.4,-8.4
33,2013-02-03,-4.4,-9.4
34,2013-02-04,-3.9,-10.8
35,2013-02-05,-2.5,-10.7
36,2013-02-06,-2.1,-6.5
37,2013-02-07,-0.8,-5.5
38,2013-02-08,-4.0,-8.4
39,2013-02-09,-2.4,-10.8
40,2013-02-10,2.3,-11.1
41,2013-02-11,6.9,1.4
42,2013-02-12,2.5,-0.6
43,2013-02-13,1.0,-2.7
44,2013-02-14,2.7,-2.4
45,2013-02-15,2.9,-5.3
46,2013-02-16,-2.3,-6.9
47,2013-02-17,-6.9,-13.0
48,2013-02-18,1.8,-12.3
49,2013-02-19,4.5,-3.8
50,2013-02-20,-3.7,-6.4
51,2013-02-21,-3.1,-11.6
52,2013-02-22,2.4,-7.2
53,2013-02-23,2.8,-0.3
54,2013-02-24,2.7,-1.5
55,2013-02-25,2.0,0.4
56,2013-02-26,3.4,0.5
58,2013-02-28,3.9,-0.3
59,2013-03-01,-0.3,-5.3
60,2013-03-02,-1.9,-7.3
61,2013-03-03,-3.5,-6.9
62,2013-03-04,0.1,-6.2
63,2013-03-05,0.8,-5.5
64,2013-03-06,4.9,-0.5
65,2013-03-07,3.8,0.8
66,2013-03-08,6.5,1.0
67,2013-03-09,5.6,-1.2
68,2013-03-10,9.4,2.8
69,2013-03-11,8.1,4.9
70,2013-03-12,5.1,0.9
71,2013-03-13,2.4,-6.2
72,2013-03-14,1.2,-7.4
73,2013-03-15,6.4,-1.9
74,2013-03-16,-1.6,-5.1
75,2013-03-17,-0.4,-5.6
76,2013-03-18,2.0,-5.9
77,2013-03-19,3.0,-3.3
78,2013-03-20,1.1,-5.3
79,2013-03-21,0.2,-6.0
80,2013-03-22,3.2,-2.8
81,2013-03-23,6.1,-1.2
82,2013-03-24,4.0,-2.3
83,2013-03-25,5.7,1.0
84,2013-03-26,10.7,1.9
85,2013-03-27,8.3,1.8
86,2013-03-28,7.8,1.3
87,2013-03-29,12.1,2.8
88,2013-03-30,10.2,0.0
89,2013-03-31,8.5,2.7
90,2013-04-01,6.1,-3.5
91,2013-04-02,3.1,-4.4
92,2013-04-03,3.8,-3.9
93,2013-04-04,7.3,-2.5
94,2013-04-05,6.6,-1.1
95,2013-04-06,4.4,-2.7
96,2013-04-07,17.2,3.6
97,2013-04-08,7.5,4.2
98,2013-04-09,11.7,4.3
99,2013-04-10,7.7,5.1
100,2013-04-11,5.8,-0.3
101,2013-04-12,5.7,1.0
102,2013-04-13,6.8,2.7
103,2013-04-14,7.7,1.5
104,2013-04-15,9.2,3.8
105,2013-04-16,14.8,6.3
106,2013-04-17,9.7,2.6
107,2013-04-18,19.1,5.0
108,2013-04-19,15.5,4.7
109,2013-04-20,5.0,-0.5
110,2013-04-21,5.1,-1.3
111,2013-04-22,9.4,2.6
113,2013-04-24,11.5,2.7
114,2013-04-25,9.9,1.6
115,2013-04-26,11.3,2.2
116,2013-04-27,11.0,3.4
117,2013-04-28,15.5,8.1
118,2013-04-29,10.2,7.3
119,2013-04-30,14.4,8.6
120,2013-05-01,16.9,10.1
121,2013-05-02,17.5,8.4
122,2013-05-03,18.4,12.2
123,2013-05-04,16.8,9.4
124,2013-05-05,22.3,10.0
125,2013-05-06,18.3,9.6
126,2013-05-07,21.8,9.3
127,2013-05-08,17.6,13.4
128,2013-05-09,19.0,11.3
129,2013-05-10,13.9,10.0
130,2013-05-11,13.1,6.0
131,2013-05-12,9.3,3.3
132,2013-05-13,11.6,2.5
133,2013-05-14,11.9,4.4
134,2013-05-15,24.6,6.7
135,2013-05-16,23.4,8.3
136,2013-05-17,16.9,8.6
137,2013-05-18,17.1,9.5
138,2013-05-19,16.4,9.4
139,2013-05-20,20.1,9.6
140,2013-05-21,19.1,12.2
142,2013-05-23,21.4,5.0
143,2013-05-24,12.3,4.8
144,2013-05-25,15.0,5.2
145,2013-05-26,17.8,6.9
146,2013-05-27,18.4,7.4
147,2013-05-28,15.6,9.5
148,2013-05-29,26.3,13.0
149,2013-05-30,25.0,13.1
150,2013-05-31,25.0,14.8
151,2013-06-01,23.6,14.9
152,2013-06-02,22.2,9.8
153,2013-06-03,18.3,7.8
154,2013-06-04,19.2,8.2
155,2013-06-05,17.0,13.9
156,2013-06-06,15.2,11.5
157,2013-06-07,16.3,12.1
158,2013-06-08,18.6,13.7
159,2013-06-09,21.4,11.4
160,2013-06-10,16.4,13.8
161,2013-06-11,24.1,12.3
162,2013-06-12,20.2,12.5
163,2013-06-13,21.3,14.0
164,2013-06-14,24.2,15.5
165,2013-06-15,23.0,12.7
166,2013-06-16,26.4,15.0
167,2013-06-17,25.6,14.5
168,2013-06-18,19.1,13.7
169,2013-06-19,17.9,12.5
170,2013-06-20,20.1,11.1
171,2013-06-21,24.4,13.7
172,2013-06-22,23.2,17.1
173,2013-06-23,27.6,17.2
174,2013-06-24,26.7,19.2
175,2013-06-25,27.6,18.6
176,2013-06-26,26.7,17.4
177,2013-06-27,22.8,18.2
178,2013-06-28,21.0,17.5
179,2013-06-29,23.0,17.4
180,2013-06-30,23.1,16.2
181,2013-07-01,24.2,18.5
182,2013-07-02,21.2,17.3
183,2013-07-03,22.9,18.1
184,2013-07-04,25.0,19.8
185,2013-07-05,24.5,20.1
186,2013-07-06,27.4,19.7
187,2013-07-07,25.1,21.2
188,2013-07-08,28.7,20.5
189,2013-07-09,24.1,21.0
190,2013-07-10,31.0,18.9
191,2013-07-11,24.5,17.0
192,2013-07-12,22.2,18.7
193,2013-07-13,24.9,17.0
194,2013-07-14,28.3,20.3
195,2013-07-15,29.7,22.4
196,2013-07-16,30.4,22.9
197,2013-07-17,35.1,24.0
198,2013-07-18,33.9,23.9
199,2013-07-19,28.2,19.2
200,2013-07-20,29.5,17.9
201,2013-07-21,21.3,17.2
202,2013-07-22,23.2,17.9
203,2013-07-23,27.0,17.0
204,2013-07-24,20.9,14.2
205,2013-07-25,22.5,13.5
206,2013-07-26,22.4,17.0
207,2013-07-27,21.8,18.5
208,2013-07-28,21.9,17.1
211,2013-07-31,22.7,15.2
212,2013-08-01,26.4,16.7
213,2013-08-02,24.2,16.1
214,2013-08-03,25.4,15.6
215,2013-08-04,23.2,15.0
216,2013-08-05,22.4,13.5
217,2013-08-06,22.3,15.7
218,2013-08-07,25.7,18.8
219,2013-08-08,25.8,19.5
220,2013-08-09,25.7,19.5
221,2013-08-10,21.6,15.6
222,2013-08-11,22.5,13.8
223,2013-08-12,22.1,15.0
224,2013-08-13,21.7,12.8
225,2013-08-14,22.1,12.2
226,2013-08-15,21.4,11.1
227,2013-08-16,23.8,12.0
228,2013-08-17,24.3,13.7
229,2013-08-18,24.0,15.8
230,2013-08-19,25.0,15.8
231,2013-08-20,26.4,16.8
232,2013-08-21,26.9,18.0
233,2013-08-22,29.3,18.2
234,2013-08-23,22.0,15.5
235,2013-08-24,23.1,14.8
236,2013-08-25,25.3,15.1
237,2013-08-26,23.9,19.1
238,2013-08-27,25.5,18.6
239,2013-08-28,25.3,20.6
240,2013-08-29,26.7,20.6
241,2013-08-30,26.5,20.1
242,2013-08-31,24.3,20.5
243,2013-09-01,23.9,20.1
244,2013-09-02,24.7,17.0
245,2013-09-03,22.5,15.6
246,2013-09-04,26.0,14.5
247,2013-09-05,18.3,12.3
248,2013-09-06,21.1,9.2
249,2013-09-07,20.1,15.3
250,2013-09-08,20.5,12.2
251,2013-09-09,18.2,11.5
252,2013-09-10,25.9,16.3
253,2013-09-11,25.7,18.2
254,2013-09-12,23.6,15.7
255,2013-09-13,15.7,10.9
256,2013-09-14,16.0,6.6
257,2013-09-15,17.3,11.5
258,2013-09-16,15.0,10.1
259,2013-09-17,15.2,9.1
260,2013-09-18,19.6,9.2
261,2013-09-19,20.9,11.7
262,2013-09-20,21.9,15.3
263,2013-09-21,18.5,11.0
264,2013-09-22,13.7,9.4
265,2013-09-23,16.6,9.5
266,2013-09-24,15.7,7.1
267,2013-09-25,18.1,7.8
268,2013-09-26,18.9,9.4
269,2013-09-27,17.4,13.8
270,2013-09-28,18.5,13.9
271,2013-09-29,20.1,13.2
272,2013-09-30,18.5,16.5
274,2013-10-02,25.5,14.3
275,2013-10-03,20.0,9.9
276,2013-10-04,17.0,15.7
277,2013-10-05,17.0,13.5
278,2013-10-06,19.5,14.6
279,2013-10-07,18.4,10.9
280,2013-10-08,16.6,8.9
281,2013-10-09,16.9,9.1
282,2013-10-10,17.0,9.7
283,2013-10-11,17.7,9.3
285,2013-10-13,16.5,15.1
287,2013-10-15,17.3,9.5
288,2013-10-16,19.5,12.3
289,2013-10-17,16.1,11.5
290,2013-10-18,15.2,9.7
291,2013-10-19,10.9,6.4
292,2013-10-20,13.7,4.6
293,2013-10-21,13.2,7.9
294,2013-10-22,8.6,5.0
295,2013-10-23,10.4,2.8
296,2013-10-24,9.4,2.7
297,2013-10-25,10.7,3.7
298,2013-10-26,6.8,4.3
299,2013-10-27,9.3,3.1
300,2013-10-28,8.7,2.5
301,2013-10-29,5.7,0.6
302,2013-10-30,9.0,4.5
303,2013-10-31,12.5,6.9
304,2013-11-01,12.7,5.7
305,2013-11-02,8.7,1.3
306,2013-11-03,3.3,-1.5
309,2013-11-06,12.3,7.4
310,2013-11-07,9.2,3.7
311,2013-11-08,7.0,2.0
312,2013-11-09,10.2,3.0
313,2013-11-10,8.4,3.5
314,2013-11-11,6.3,-1.5
315,2013-11-12,1.8,-3.9
316,2013-11-13,4.4,-4.3
317,2013-11-14,8.6,1.8
318,2013-11-15,9.6,4.4
319,2013-11-16,10.3,2.6
320,2013-11-17,14.3,8.1
321,2013-11-18,10.7,2.7
322,2013-11-19,3.6,-1.8
323,2013-11-20,4.1,-2.0
324,2013-11-21,6.8,2.8
325,2013-11-22,7.8,-0.8
326,2013-11-23,1.0,-10.4
327,2013-11-24,-4.1,-11.0
328,2013-11-25,2.8,-6.0
329,2013-11-26,2.3,0.3
330,2013-11-27,0.9,-6.6
331,2013-11-28,-2.2,-6.8
332,2013-11-29,-1.9,-6.5
333,2013-11-30,3.5,-2.5
334,2013-12-01,4.6,0.8
335,2013-12-02,3.5,1.2
336,2013-12-03,3.7,-3.1
337,2013-12-04,4.5,1.7
338,2013-12-05,13.3,3.1
339,2013-12-06,3.1,-1.4
340,2013-12-07,-0.6,-5.4
341,2013-12-08,-0.1,-5.8
342,2013-12-09,2.5,-2.5
343,2013-12-10,-2.4,-7.6
344,2013-12-11,-3.6,-9.3
345,2013-12-12,-6.0,-9.9
346,2013-12-13,-3.5,-11.8
347,2013-12-14,-7.9,-13.1
348,2013-12-15,-3.2,-11.5
349,2013-12-16,-6.8,-15.0
350,2013-12-17,-2.8,-9.1
351,2013-12-18,0.4,-3.5
352,2013-12-19,3.3,-0.6
353,2013-12-20,2.1,0.0
354,2013-12-21,1.5,-0.5
355,2013-12-22,2.1,-2.2
356,2013-12-23,1.9,-5.8
357,2013-12-24,-5.6,-13.6
358,2013-12-25,-1.4,-14.8
359,2013-12-26,0.1,-4.7
360,2013-12-27,2.4,-4.2
361,2013-12-28,3.3,0.8
362,2013-12-29,4.1,-6.4
363,2013-12-30,-6.4,-9.4
364,2013-12-31,-5.7,-9.0
0,2014-01-01,-8.2,-13.9
1,2014-01-02,-13.8,-18.8
2,2014-01-03,-6.6,-21.8
3,2014-01-04,0.4,-6.8
4,2014-01-05,1.3,-2.2
5,2014-01-06,2.9,-15.6
6,2014-01-07,-14.8,-21.7
7,2014-01-08,-7.7,-15.4
8,2014-01-09,-4.0,-11.5
9,2014-01-10,2.8,-5.0
10,2014-01-11,5.2,1.9
11,2014-01-12,2.7,1.1
12,2014-01-13,4.7,1.1
13,2014-01-14,4.3,0.8
14,2014-01-15,2.2,-3.8
15,2014-01-16,-0.3,-3.5
16,2014-01-17,1.8,-1.0
17,2014-01-18,-1.0,-6.8
19,2014-01-20,-1.6,-15.9
20,2014-01-21,-14.6,-18.6
21,2014-01-22,-11.8,-19.9
22,2014-01-23,-12.0,-17.2
23,2014-01-24,-6.0,-17.4
24,2014-01-25,-2.2,-13.6
25,2014-01-26,-3.0,-13.9
26,2014-01-27,-3.1,-15.4
27,2014-01-28,-11.2,-17.7
28,2014-01-29,-8.8,-14.9
29,2014-01-30,-0.4,-10.0
30,2014-01-31,1.1,-3.2
31,2014-02-01,1.1,-2.7
32,2014-02-02,0.9,-6.0
33,2014-02-03,-3.5,-10.0
34,2014-02-04,-3.7,-10.4
35,2014-02-05,-5.0,-11.6
36,2014-02-06,-6.0,-13.8
37,2014-02-07,-8.2,-13.2
38,2014-02-08,-8.7,-13.6
39,2014-02-09,-7.3,-13.2
40,2014-02-10,-6.0,-11.7
41,2014-02-11,-9.0,-14.7
42,2014-02-12,-6.0,-14.7
43,2014-02-13,-2.5,-12.5
44,2014-02-14,0.1,-4.4
45,2014-02-15,-3.0,-11.6
46,2014-02-16,-7.0,-12.3
47,2014-02-17,-2.1,-16.4
48,2014-02-18,0.1,-3.9
49,2014-02-19,5.3,-4.1
50,2014-02-20,1.6,-3.7
51,2014-02-21,4.2,1.1
52,2014-02-22,3.2,0.2
53,2014-02-23,0.4,-4.4
54,2014-02-24,-4.3,-8.4
55,2014-02-25,-5.2,-9.9
56,2014-02-26,-7.2,-13.7
57,2014-02-27,-7.5,-15.6
58,2014-02-28,-6.8,-17.2
59,2014-03-01,-1.6,-10.1
60,2014-03-02,-8.7,-15.3
61,2014-03-03,-10.9,-17.9
62,2014-03-04,-8.3,-15.1
63,2014-03-05,-4.8,-10.5
64,2014-03-06,-2.9,-7.8
65,2014-03-07,1.8,-8.3
66,2014-03-08,2.6,-6.0
67,2014-03-09,1.2,-8.5
68,2014-03-10,4.6,0.8
69,2014-03-11,7.9,2.0
70,2014-03-12,4.6,-13.6
71,2014-03-13,-5.6,-16.1
72,2014-03-14,7.9,-5.7
73,2014-03-15,5.9,-7.1
74,2014-03-16,-7.0,-12.0
75,2014-03-17,-3.4,-12.7
76,2014-03-18,1.5,-3.7
77,2014-03-19,5.0,0.6
78,2014-03-20,4.1,-1.1
79,2014-03-21,2.1,-2.5
80,2014-03-22,2.9,-5.7
81,2014-03-23,-4.8,-8.6
82,2014-03-24,-3.0,-9.3
83,2014-03-25,0.9,-8.3
84,2014-03-26,-4.0,-10.3
85,2014-03-27,3.8,-6.7
86,2014-03-28,8.5,2.0
87,2014-03-29,3.3,1.4
88,2014-03-30,8.6,0.0
89,2014-03-31,7.2,-0.8
91,2014-04-02,7.7,1.0
92,2014-04-03,3.0,-0.1
94,2014-04-05,4.5,-0.9
95,2014-04-06,9.6,-1.2
96,2014-04-07,7.1,2.7
97,2014-04-08,13.0,2.8
98,2014-04-09,10.3,2.0
99,2014-04-10,14.2,2.0
100,2014-04-11,12.1,3.3
101,2014-04-12,11.4,1.6
102,2014-04-13,10.9,4.4
103,2014-04-14,14.3,2.8
104,2014-04-15,2.8,-4.2
105,2014-04-16,3.1,-4.8
106,2014-04-17,5.9,0.7
107,2014-04-18,9.8,2.8
108,2014-04-19,8.7,0.7
109,2014-04-20,8.6,3.0
110,2014-04-21,13.0,3.5
111,2014-04-22,14.0,4.8
112,2014-04-23,9.7,3.2
113,2014-04-24,10.5,2.1
114,2014-04-25,9.7,4.6
115,2014-04-26,10.9,3.5
116,2014-04-27,9.1,3.2
117,2014-04-28,9.6,5.0
118,2014-04-29,6.4,5.0
119,2014-04-30,6.1,4.6
120,2014-05-01,12.5,4.3
121,2014-05-02,9.9,5.1
122,2014-05-03,11.0,5.1
123,2014-05-04,14.2,5.9
124,2014-05-05,12.6,5.6
125,2014-05-06,12.9,7.9
126,2014-05-07,10.9,6.2
127,2014-05-08,15.5,6.8
128,2014-05-09,14.2,8.6
129,2014-05-10,20.4,8.5
130,2014-05-11,18.0,6.3
131,2014-05-12,16.6,9.1
132,2014-05-13,18.8,8.1
133,2014-05-14,20.4,9.4
134,2014-05-15,18.0,7.8
135,2014-05-16,12.4,5.6
136,2014-05-17,9.6,4.5
137,2014-05-18,13.4,4.7
138,2014-05-19,18.6,5.8
139,2014-05-20,17.3,9.5
140,2014-05-21,15.5,9.3
142,2014-05-23,17.7,9.6
145,2014-05-26,28.7,11.6
146,2014-05-27,23.7,12.9
147,2014-05-28,18.8,11.4
148,2014-05-29,15.2,10.9
149,2014-05-30,22.6,11.2
150,2014-05-31,21.2,13.6
151,2014-06-01,16.3,11.3
152,2014-06-02,24.9,11.4
153,2014-06-03,27.5,11.8
155,2014-06-05,18.9,12.1
156,2014-06-06,21.1,9.8
157,2014-06-07,24.1,11.6
158,2014-06-08,20.4,13.8
159,2014-06-09,23.5,15.9
160,2014-06-10,20.7,13.2
161,2014-06-11,18.0,13.6
162,2014-06-12,23.0,13.9
163,2014-06-13,24.1,12.7
164,2014-06-14,20.5,11.4
165,2014-06-15,18.7,11.6
166,2014-06-16,18.4,12.6
167,2014-06-17,23.8,12.9
168,2014-06-18,23.3,15.4
169,2014-06-19,21.5,16.5
170,2014-06-20,19.5,14.5
171,2014-06-21,21.7,14.9
172,2014-06-22,23.7,13.5
173,2014-06-23,21.1,17.1
174,2014-06-24,26.7,17.0
175,2014-06-25,22.9,17.3
176,2014-06-26,25.1,18.9
177,2014-06-27,23.6,16.5
178,2014-06-28,23.2,20.1
179,2014-06-29,28.5,19.9
180,2014-06-30,26.4,20.7
181,2014-07-01,28.9,20.1
182,2014-07-02,26.9,19.7
183,2014-07-03,21.8,13.9
184,2014-07-04,24.4,13.0
185,2014-07-05,26.1,12.2
186,2014-07-06,22.9,14.5
187,2014-07-07,27.2,15.0
188,2014-07-08,21.8,12.7
189,2014-07-09,22.6,11.9
190,2014-07-10,20.7,11.0
191,2014-07-11,21.2,13.1
192,2014-07-12,27.1,14.9
193,2014-07-13,29.1,18.0
194,2014-07-14,20.6,14.9
195,2014-07-15,23.3,14.2
196,2014-07-16,20.7,11.7
197,2014-07-17,21.6,11.5
198,2014-07-18,22.4,12.2
199,2014-07-19,19.0,16.3
200,2014-07-20,23.0,17.0
201,2014-07-21,26.2,14.8
202,2014-07-22,27.3,16.7
203,2014-07-23,23.7,17.5
204,2014-07-24,20.6,15.7
205,2014-07-25,22.5,14.8
206,2014-07-26,23.7,16.6
207,2014-07-27,25.6,18.1
208,2014-07-28,21.4,15.1
209,2014-07-29,19.6,14.3
210,2014-07-30,21.5,13.5
211,2014-07-31,23.5,14.7
212,2014-08-01,26.2,15.9
213,2014-08-02,24.2,15.8
214,2014-08-03,23.2,18.7
215,2014-08-04,23.3,17.8
216,2014-08-05,22.8,16.7
217,2014-08-06,23.6,17.1
218,2014-08-07,25.3,17.9
219,2014-08-08,23.6,15.4
220,2014-08-09,24.7,15.9
221,2014-08-10,24.0,16.9
222,2014-08-11,25.0,19.4
223,2014-08-12,25.3,18.9
224,2014-08-13,22.9,14.9
225,2014-08-14,18.8,13.6
226,2014-08-15,23.5,11.1
227,2014-08-16,19.2,11.9
228,2014-08-17,21.4,12.0
229,2014-08-18,19.4,12.7
230,2014-08-19,19.5,13.8
231,2014-08-20,20.7,16.1
232,2014-08-21,24.5,15.6
233,2014-08-22,22.7,17.0
234,2014-08-23,21.4,18.5
235,2014-08-24,22.3,17.9
236,2014-08-25,23.4,17.5
237,2014-08-26,27.0,18.0
238,2014-08-27,25.2,15.1
239,2014-08-28,22.9,13.8
240,2014-08-29,20.9,13.7
241,2014-08-30,25.7,18.3
242,2014-08-31,28.5,20.0
243,2014-09-01,26.6,19.4
244,2014-09-02,23.2,17.7
245,2014-09-03,25.2,16.0
246,2014-09-04,27.8,16.5
247,2014-09-05,26.4,19.7
248,2014-09-06,22.2,14.8
249,2014-09-07,20.1,13.5
250,2014-09-08,21.1,15.2
251,2014-09-09,20.8,18.3
252,2014-09-10,22.7,17.7
253,2014-09-11,22.2,10.5
254,2014-09-12,15.3,10.1
255,2014-09-13,15.0,9.2
256,2014-09-14,15.5,6.5
257,2014-09-15,18.0,11.2
258,2014-09-16,19.6,11.0
259,2014-09-17,19.5,9.8
260,2014-09-18,15.9,9.2
261,2014-09-19,14.5,8.1
262,2014-09-20,21.3,11.1
263,2014-09-21,24.3,10.5
264,2014-09-22,15.5,9.5
265,2014-09-23,19.6,9.7
266,2014-09-24,18.8,11.4
267,2014-09-25,19.5,13.0
268,2014-09-26,19.8,11.2
269,2014-09-27,22.2,13.2
270,2014-09-28,23.3,12.8
271,2014-09-29,21.8,13.7
272,2014-09-30,18.8,15.6
273,2014-10-01,16.7,15.0
274,2014-10-02,18.0,15.1
275,2014-10-03,21.7,15.4
276,2014-10-04,15.4,6.6
277,2014-10-05,14.4,6.1
278,2014-10-06,17.0,10.6
279,2014-10-07,16.7,11.1
282,2014-10-10,14.2,6.1
283,2014-10-11,14.6,3.9
284,2014-10-12,11.7,2.5
285,2014-10-13,14.7,9.2
286,2014-10-14,19.8,12.6
287,2014-10-15,17.1,9.9
288,2014-10-16,17.2,11.2
289,2014-10-17,14.1,10.7
290,2014-10-18,13.2,4.5
291,2014-10-19,8.7,3.1
292,2014-10-20,10.9,5.7
293,2014-10-21,11.7,7.3
294,2014-10-22,11.0,5.5
295,2014-10-23,17.1,6.9
296,2014-10-24,11.9,5.9
297,2014-10-25,16.7,8.4
298,2014-10-26,12.6,5.7
299,2014-10-27,10.9,3.7
300,2014-10-28,17.9,10.1
301,2014-10-29,13.5,6.4
302,2014-10-30,9.2,4.8
303,2014-10-31,7.6,2.5
304,2014-11-01,4.6,0.2
305,2014-11-02,8.2,-1.2
306,2014-11-03,12.3,3.3
307,2014-11-04,11.5,9.1
308,2014-11-05,10.6,4.6
309,2014-11-06,9.3,5.4
310,2014-11-07,5.4,-0.6
311,2014-11-08,7.4,-0.3
312,2014-11-09,7.7,2.4
313,2014-11-10,9.1,5.4
315,2014-11-12,9.2,1.3
316,2014-11-13,2.0,-1.9
317,2014-11-14,3.3,-2.5
318,2014-11-15,4.1,-3.0
319,2014-11-16,0.6,-0.8
320,2014-11-17,2.0,-4.6
321,2014-11-18,-2.9,-7.3
322,2014-11-19,0.6,-7.8
323,2014-11-20,-1.4,-5.6
324,2014-11-21,-0.6,-6.7
325,2014-11-22,6.1,-3.4
326,2014-11-23,8.0,3.5
328,2014-11-25,4.8,1.7
329,2014-11-26,2.3,0.5
330,2014-11-27,3.1,-3.1
331,2014-11-28,-1.9,-5.5
332,2014-11-29,6.8,-3.1
333,2014-11-30,9.7,4.6
334,2014-12-01,4.6,-5.9
335,2014-12-02,2.7,-8.3
336,2014-12-03,3.6,-0.3
337,2014-12-04,1.7,-2.7
338,2014-12-05,3.9,-0.6
339,2014-12-06,6.3,-0.6
340,2014-12-07,-0.4,-5.4
341,2014-12-08,4.3,-1.1
342,2014-12-09,4.6,1.3
343,2014-12-10,1.3,-3.7
344,2014-12-11,-1.9,-5.1
345,2014-12-12,3.3,-2.7
346,2014-12-13,2.7,1.3
347,2014-12-14,4.6,2.1
348,2014-12-15,4.3,3.0
349,2014-12-16,4.5,2.1
350,2014-12-17,5.3,0.2
351,2014-12-18,0.7,-3.9
352,2014-12-19,0.7,-4.8
353,2014-12-20,-0.1,-4.6
354,2014-12-21,2.5,-2.7
355,2014-12-22,3.1,0.3
356,2014-12-23,5.9,1.7
357,2014-12-24,9.1,4.9
358,2014-12-25,5.5,3.7
359,2014-12-26,6.3,1.5
360,2014-12-27,8.1,3.7
362,2014-12-29,1.4,-4.1
363,2014-12-30,-2.2,-6.1
364,2014-12-31,-4.8,-7.6
0,2015-01-01,-0.4,-6.3
1,2015-01-02,0.3,-4.4
2,2015-01-03,2.9,-3.6
3,2015-01-04,5.0,-4.7
4,2015-01-05,-4.5,-11.8
5,2015-01-06,-7.4,-11.7
6,2015-01-07,-7.9,-17.1
7,2015-01-08,-6.7,-13.3
8,2015-01-09,-4.6,-11.8
9,2015-01-10,-8.4,-13.4
10,2015-01-11,0.8,-8.6
11,2015-01-12,0.2,-15.2
12,2015-01-13,-9.4,-18.6
13,2015-01-14,-3.6,-10.8
14,2015-01-15,-1.7,-10.7
15,2015-01-16,-1.1,-12.7
16,2015-01-17,4.5,-13.2
17,2015-01-18,4.8,0.5
18,2015-01-19,1.2,-7.6
19,2015-01-20,-4.6,-11.4
20,2015-01-21,-2.2,-11.7
21,2015-01-22,0.9,-6.8
22,2015-01-23,1.0,-3.6
23,2015-01-24,1.2,-4.0
24,2015-01-25,-1.9,-10.8
25,2015-01-26,-7.6,-12.7
26,2015-01-27,-4.4,-10.9
27,2015-01-28,-1.4,-12.0
28,2015-01-29,1.3,-3.6
29,2015-01-30,-0.5,-13.2
30,2015-01-31,-1.7,-15.3
31,2015-02-01,-1.6,-13.4
32,2015-02-02,-10.4,-14.0
33,2015-02-03,-3.2,-13.2
34,2015-02-04,-0.7,-7.6
35,2015-02-05,-7.6,-13.4
36,2015-02-06,-3.5,-10.2
37,2015-02-07,-1.7,-6.9
38,2015-02-08,-6.4,-12.2
39,2015-02-09,-8.9,-12.2
40,2015-02-10,-4.3,-9.3
41,2015-02-11,-1.1,-5.3
42,2015-02-12,-1.4,-17.5
43,2015-02-13,-6.6,-21.1
44,2015-02-14,-4.6,-19.4
45,2015-02-15,-18.5,-24.9
46,2015-02-16,-12.2,-22.4
47,2015-02-17,-8.1,-15.5
48,2015-02-18,-7.6,-13.0
49,2015-02-19,-13.0,-20.2
50,2015-02-20,-11.1,-21.1
51,2015-02-21,-7.0,-11.1
52,2015-02-22,-3.0,-15.2
53,2015-02-23,-14.3,-19.9
54,2015-02-24,-6.6,-17.2
55,2015-02-25,-6.4,-13.3
56,2015-02-26,-8.8,-15.3
57,2015-02-27,-9.0,-16.8
58,2015-02-28,-4.8,-14.1
59,2015-03-01,-3.1,-9.8
60,2015-03-02,-1.7,-7.3
61,2015-03-03,1.5,-8.9
62,2015-03-04,1.3,-10.0
63,2015-03-05,-8.6,-14.7
64,2015-03-06,-4.1,-14.2
65,2015-03-07,-0.7,-4.9
66,2015-03-08,2.7,-2.8
67,2015-03-09,3.7,-1.2
68,2015-03-10,3.0,-3.9
69,2015-03-11,8.4,1.4
70,2015-03-12,2.5,-1.8
71,2015-03-13,2.2,-1.5
72,2015-03-14,5.4,0.7
73,2015-03-15,7.6,0.2
74,2015-03-16,5.0,-0.3
75,2015-03-17,6.0,-3.4
76,2015-03-18,3.6,-4.8
77,2015-03-19,0.6,-5.4
78,2015-03-20,4.7,-0.5
79,2015-03-21,7.2,-5.1
80,2015-03-22,-1.0,-8.8
81,2015-03-23,-4.5,-10.1
82,2015-03-24,0.8,-7.7
83,2015-03-25,5.9,-2.3
84,2015-03-26,5.2,0.8
85,2015-03-27,1.7,-6.8
86,2015-03-28,-0.6,-9.8
87,2015-03-29,3.9,-6.7
88,2015-03-30,7.9,-0.4
89,2015-03-31,4.2,-0.9
90,2015-04-01,5.5,-2.3
91,2015-04-02,10.6,1.8
92,2015-04-03,12.9,1.9
93,2015-04-04,6.6,-0.3
94,2015-04-05,1.4,-1.0
96,2015-04-07,6.1,2.1
97,2015-04-08,3.8,1.4
98,2015-04-09,7.1,2.2
99,2015-04-10,14.1,4.7
100,2015-04-11,11.6,2.1
101,2015-04-12,16.6,0.0
102,2015-04-13,15.6,4.3
103,2015-04-14,16.0,2.1
104,2015-04-15,14.2,4.9
105,2015-04-16,9.8,4.4
106,2015-04-17,18.4,5.3
107,2015-04-18,21.0,4.8
108,2015-04-19,10.3,4.0
109,2015-04-20,12.9,4.4
110,2015-04-21,10.0,2.9
111,2015-04-22,8.2,1.1
112,2015-04-23,3.5,-0.2
113,2015-04-24,8.1,-0.8
114,2015-04-25,8.1,0.5
115,2015-04-26,12.6,3.6
116,2015-04-27,13.5,5.6
117,2015-04-28,19.3,6.2
118,2015-04-29,15.2,6.1
119,2015-04-30,13.7,5.0
120,2015-05-01,20.0,5.9
121,2015-05-02,19.3,6.8
122,2015-05-03,24.3,5.7
123,2015-05-04,19.9,9.5
124,2015-05-05,14.6,7.0
126,2015-05-07,16.1,6.4
127,2015-05-08,18.2,7.9
128,2015-05-09,22.6,8.5
130,2015-05-11,16.5,9.8
131,2015-05-12,16.5,7.9
132,2015-05-13,14.8,6.6
133,2015-05-14,16.3,3.8
134,2015-05-15,11.9,8.1
135,2015-05-16,23.0,7.4
136,2015-05-17,16.8,8.9
137,2015-05-18,19.3,11.0
138,2015-05-19,18.4,5.1
139,2015-05-20,14.9,4.2
140,2015-05-21,18.1,7.3
141,2015-05-22,15.0,7.0
142,2015-05-23,16.0,4.2
143,2015-05-24,23.2,7.2
144,2015-05-25,20.5,13.2
145,2015-05-26,22.5,12.8
146,2015-05-27,18.8,11.9
147,2015-05-28,24.4,13.8
148,2015-05-29,18.0,12.4
149,2015-05-30,24.6,10.8
150,2015-05-31,12.5,8.0
151,2015-06-01,13.5,9.6
152,2015-06-02,15.7,8.4
153,2015-06-03,15.4,10.1
154,2015-06-04,17.2,10.6
155,2015-06-05,21.5,9.8
156,2015-06-06,16.3,9.4
157,2015-06-07,16.4,9.5
158,2015-06-08,19.5,12.2
160,2015-06-10,23.7,11.2
161,2015-06-11,20.6,12.0
162,2015-06-12,18.8,14.1
163,2015-06-13,21.2,15.1
164,2015-06-14,18.1,13.4
165,2015-06-15,21.0,14.2
166,2015-06-16,27.3,15.0
167,2015-06-17,19.2,15.7
168,2015-06-18,26.4,14.3
169,2015-06-19,19.7,14.4
170,2015-06-20,19.2,13.2
171,2015-06-21,28.4,15.1
172,2015-06-22,23.9,16.2
173,2015-06-23,26.3,16.5
174,2015-06-24,23.5,13.7
175,2015-06-25,21.0,15.6
176,2015-06-26,21.6,15.6
177,2015-06-27,20.1,12.9
178,2015-06-28,15.7,12.4
179,2015-06-29,23.2,13.9
180,2015-06-30,18.6,14.0
181,2015-07-01,24.0,13.9
182,2015-07-02,19.8,14.7
183,2015-07-03,22.1,11.8
184,2015-07-04,22.3,12.8
185,2015-07-05,23.9,16.2
186,2015-07-06,23.5,16.8
187,2015-07-07,24.9,17.1
188,2015-07-08,19.9,15.1
189,2015-07-09,20.0,15.1
190,2015-07-10,23.7,14.3
191,2015-07-11,26.9,16.6
192,2015-07-12,26.7,18.5
193,2015-07-13,23.7,18.5
194,2015-07-14,24.3,16.8
195,2015-07-15,19.7,13.2
196,2015-07-16,21.1,15.5
197,2015-07-17,20.2,17.2
198,2015-07-18,27.9,18.4
199,2015-07-19,28.2,19.8
200,2015-07-20,25.6,18.3
201,2015-07-21,26.5,19.2
202,2015-07-22,25.8,14.0
203,2015-07-23,25.9,13.1
204,2015-07-24,25.8,15.1
205,2015-07-25,26.2,18.4
206,2015-07-26,27.2,17.1
207,2015-07-27,29.2,18.0
208,2015-07-28,30.1,20.3
209,2015-07-29,29.2,20.7
210,2015-07-30,29.6,16.0
211,2015-07-31,28.7,14.0
212,2015-08-01,24.7,14.1
213,2015-08-02,24.0,13.4
214,2015-08-03,26.5,12.8
215,2015-08-04,23.5,12.0
216,2015-08-05,23.7,12.7
217,2015-08-06,21.9,10.6
218,2015-08-07,21.6,13.6
219,2015-08-08,21.4,17.0
220,2015-08-09,23.3,13.4
221,2015-08-10,21.2,15.1
222,2015-08-11,26.5,18.5
223,2015-08-12,24.0,16.5
224,2015-08-13,24.7,13.7
225,2015-08-14,23.1,19.4
226,2015-08-15,26.0,18.8
227,2015-08-16,28.6,18.6
228,2015-08-17,28.9,19.6
229,2015-08-18,24.1,20.9
230,2015-08-19,27.6,20.8
231,2015-08-20,24.9,19.1
232,2015-08-21,23.2,15.2
233,2015-08-22,22.6,13.7
234,2015-08-23,22.9,15.9
235,2015-08-24,23.2,17.4
236,2015-08-25,21.1,15.7
237,2015-08-26,20.0,14.9
238,2015-08-27,20.0,12.8
239,2015-08-28,22.2,11.2
240,2015-08-29,23.8,14.9
241,2015-08-30,25.1,17.8
242,2015-08-31,25.8,18.5
243,2015-09-01,25.8,17.9
244,2015-09-02,29.9,18.9
245,2015-09-03,27.5,21.0
246,2015-09-04,25.4,21.0
247,2015-09-05,25.6,20.2
248,2015-09-06,28.2,20.8
249,2015-09-07,28.4,21.6
250,2015-09-08,27.6,22.5
251,2015-09-09,25.1,17.7
252,2015-09-10,22.9,15.6
253,2015-09-11,23.2,14.6
254,2015-09-12,16.3,12.6
255,2015-09-13,15.8,11.7
256,2015-09-14,23.8,11.3
257,2015-09-15,24.9,15.0
258,2015-09-16,26.7,16.7
259,2015-09-17,25.7,15.7
260,2015-09-18,24.8,16.1
261,2015-09-19,23.3,13.8
262,2015-09-20,17.0,10.6
263,2015-09-21,19.3,11.7
264,2015-09-22,20.6,12.7
265,2015-09-23,21.7,12.7
266,2015-09-24,20.9,14.2
267,2015-09-25,19.3,15.1
268,2015-09-26,18.5,13.2
269,2015-09-27,20.3,15.1
270,2015-09-28,21.1,18.1
271,2015-09-29,20.8,15.2
272,2015-09-30,18.6,9.4
273,2015-10-01,15.3,6.7
274,2015-10-02,13.2,6.9
275,2015-10-03,12.9,8.8
276,2015-10-04,14.2,10.8
277,2015-10-05,14.5,11.5
278,2015-10-06,17.0,13.3
279,2015-10-07,20.8,12.0
280,2015-10-08,14.2,10.0
281,2015-10-09,17.2,8.9
282,2015-10-10,15.1,7.6
283,2015-10-11,20.5,12.8
284,2015-10-12,24.4,15.1
285,2015-10-13,17.8,12.1
286,2015-10-14,13.7,8.5
287,2015-10-15,17.6,7.3
288,2015-10-16,13.7,3.0
289,2015-10-17,7.1,1.2
290,2015-10-18,7.1,0.1
291,2015-10-19,14.8,1.3
293,2015-10-21,12.7,8.6
294,2015-10-22,16.6,6.4
295,2015-10-23,8.4,2.9
296,2015-10-24,14.6,7.9
297,2015-10-25,14.2,5.3
298,2015-10-26,10.3,5.2
299,2015-10-27,11.3,5.9
300,2015-10-28,14.2,9.7
301,2015-10-29,11.6,7.2
302,2015-10-30,9.3,2.0
303,2015-10-31,10.4,2.7
304,2015-11-01,15.9,8.0
305,2015-11-02,13.9,4.8
306,2015-11-03,17.5,7.5
307,2015-11-04,12.7,7.9
308,2015-11-05,16.7,8.3
310,2015-11-07,12.6,4.5
311,2015-11-08,10.4,3.4
312,2015-11-09,10.8,1.9
313,2015-11-10,9.5,6.0
314,2015-11-11,12.0,6.6
315,2015-11-12,11.7,7.9
316,2015-11-13,10.2,2.6
317,2015-11-14,6.6,2.1
318,2015-11-15,14.8,4.6
319,2015-11-16,10.2,3.9
320,2015-11-17,9.2,3.6
321,2015-11-18,13.0,8.8
322,2015-11-19,14.7,5.6
323,2015-11-20,7.1,1.0
324,2015-11-21,7.0,3.1
325,2015-11-22,5.6,-2.9
326,2015-11-23,2.5,-4.1
327,2015-11-24,7.5,0.4
328,2015-11-25,7.7,-0.5
329,2015-11-26,10.6,5.8
330,2015-11-27,10.1,2.1
331,2015-11-28,2.3,-2.5
332,2015-11-29,3.4,-3.5
333,2015-11-30,4.0,0.1
334,2015-12-01,7.9,2.9
335,2015-12-02,8.0,3.2
336,2015-12-03,7.5,3.3
337,2015-12-04,6.3,4.6
338,2015-12-05,7.0,1.4
339,2015-12-06,4.5,0.4
340,2015-12-07,5.2,1.4
341,2015-12-08,5.7,4.1
342,2015-12-09,11.3,4.8
343,2015-12-10,9.7,4.6
344,2015-12-11,12.6,5.0
345,2015-12-12,8.7,1.8
346,2015-12-13,7.9,5.3
347,2015-12-14,12.1,6.3
348,2015-12-15,10.9,2.6
349,2015-12-16,6.5,1.9
350,2015-12-17,9.2,2.9
351,2015-12-18,4.2,-1.5
352,2015-12-19,0.1,-2.1
353,2015-12-20,6.1,-2.0
354,2015-12-21,7.4,5.1
355,2015-12-22,9.8,3.5
356,2015-12-23,12.7,3.0
357,2015-12-24,12.8,5.1
358,2015-12-25,9.4,3.7
359,2015-12-26,5.1,0.9
360,2015-12-27,4.2,-0.3
361,2015-12-28,1.6,-5.2
363,2015-12-30,4.7,1.8
364,2015-12-31,2.2,0.7
0,2016-01-01,1.0,-2.3
1,2016-01-02,2.2,-2.5
2,2016-01-03,2.7,-9.8
3,2016-01-04,-9.8,-13.8
4,2016-01-05,-1.4,-13.0
5,2016-01-06,3.0,-3.8
6,2016-01-07,2.5,-3.0
7,2016-01-08,4.1,0.3
8,2016-01-09,7.0,3.2
10,2016-01-11,-4.8,-8.6
11,2016-01-12,-0.3,-8.0
12,2016-01-13,-6.0,-8.4
13,2016-01-14,-0.9,-7.0
14,2016-01-15,5.6,-1.4
15,2016-01-16,4.1,-2.3
16,2016-01-17,0.7,-9.0
17,2016-01-18,-6.4,-10.1
18,2016-01-19,-2.7,-12.9
19,2016-01-20,-2.7,-6.4
20,2016-01-21,-1.9,-6.8
21,2016-01-22,-1.9,-6.4
22,2016-01-23,-1.8,-8.7
23,2016-01-24,0.4,-8.0
24,2016-01-25,4.6,-0.9
25,2016-01-26,6.4,1.6
26,2016-01-27,1.9,-1.7
27,2016-01-28,2.4,-0.6
28,2016-01-29,1.1,-7.6
29,2016-01-30,5.7,-6.6
30,2016-01-31,8.8,1.1
31,2016-02-01,9.5,1.9
32,2016-02-02,2.9,-0.6
33,2016-02-03,12.6,2.8
34,2016-02-04,4.3,-0.2
35,2016-02-05,2.6,-1.7
36,2016-02-06,4.9,0.2
37,2016-02-07,6.0,0.0
38,2016-02-08,5.0,-0.8
39,2016-02-09,2.3,-1.7
40,2016-02-10,0.0,-10.6
41,2016-02-11,-7.8,-15.5
42,2016-02-12,-3.3,-13.8
43,2016-02-13,-13.9,-24.3
44,2016-02-14,-9.5,-21.7
45,2016-02-15,0.2,-9.4
46,2016-02-16,0.3,-1.0
47,2016-02-17,0.0,-8.9
48,2016-02-18,-3.1,-12.8
49,2016-02-19,7.5,-3.5
50,2016-02-20,11.7,3.2
51,2016-02-21,6.7,-0.7
52,2016-02-22,0.2,-3.7
53,2016-02-23,0.8,-2.3
54,2016-02-24,3.2,-0.3
55,2016-02-25,2.4,-5.6
56,2016-02-26,-2.5,-9.5
57,2016-02-27,5.5,-3.2
58,2016-02-28,11.0,1.0
59,2016-02-29,9.0,-6.2
60,2016-03-01,-5.1,-9.9
61,2016-03-02,-3.6,-9.9
62,2016-03-03,-2.9,-8.7
63,2016-03-04,0.1,-4.0
64,2016-03-05,0.4,-3.7
65,2016-03-06,2.1,-4.3
66,2016-03-07,8.5,1.8
67,2016-03-08,6.9,3.6
68,2016-03-09,12.0,3.2
69,2016-03-10,13.8,3.6
70,2016-03-11,8.0,2.2
71,2016-03-12,10.2,-0.4
72,2016-03-13,8.9,3.4
73,2016-03-14,7.4,3.4
74,2016-03-15,10.2,5.1
75,2016-03-16,12.1,4.1
76,2016-03-17,10.0,3.0
77,2016-03-18,6.6,-1.2
78,2016-03-19,0.3,-3.7
79,2016-03-20,1.6,-2.6
80,2016-03-21,4.3,-1.7
81,2016-03-22,4.4,-2.0
82,2016-03-23,5.2,0.1
83,2016-03-24,1.0,-1.0
84,2016-03-25,2.7,-2.7
85,2016-03-26,3.6,-2.5
86,2016-03-27,9.8,-0.3
87,2016-03-28,9.6,3.3
88,2016-03-29,8.1,0.0
89,2016-03-30,7.9,-1.0
90,2016-03-31,11.1,5.3
91,2016-04-01,10.2,1.8
92,2016-04-02,4.3,-2.2
93,2016-04-03,-1.2,-6.0
94,2016-04-04,-0.8,-5.5
95,2016-04-05,0.5,-5.6
96,2016-04-06,6.6,-1.0
97,2016-04-07,7.5,0.1
98,2016-04-08,4.9,-3.0
99,2016-04-09,-0.1,-4.7
100,2016-04-10,1.8,-5.5
101,2016-04-11,7.3,1.7
103,2016-04-13,4.9,-1.2
104,2016-04-14,7.0,1.1
105,2016-04-15,10.6,4.3
106,2016-04-16,11.4,6.1
107,2016-04-17,16.8,4.2
108,2016-04-18,21.1,6.8
109,2016-04-19,14.7,7.2
110,2016-04-20,10.3,6.0
111,2016-04-21,10.4,6.9
112,2016-04-22,19.4,7.0
113,2016-04-23,10.5,3.7
114,2016-04-24,8.2,4.3
115,2016-04-25,8.7,4.3
116,2016-04-26,5.0,2.4
117,2016-04-27,10.7,2.1
118,2016-04-28,7.1,2.9
119,2016-04-29,8.9,5.4
120,2016-04-30,12.6,3.8
121,2016-05-01,9.6,6.9
122,2016-05-02,10.0,5.7
123,2016-05-03,11.9,4.2
124,2016-05-04,12.6,5.3
125,2016-05-05,15.2,8.6
126,2016-05-06,17.6,8.7
127,2016-05-07,13.8,7.4
128,2016-05-08,14.6,5.3
129,2016-05-09,14.5,4.4
130,2016-05-10,13.8,6.1
131,2016-05-11,15.3,7.6
132,2016-05-12,16.3,9.5
133,2016-05-13,21.2,11.0
135,2016-05-15,8.3,3.5
136,2016-05-16,17.4,2.9
137,2016-05-17,15.0,6.0
138,2016-05-18,14.1,8.5
139,2016-05-19,17.9,9.8
140,2016-05-20,21.0,8.2
141,2016-05-21,20.7,11.6
142,2016-05-22,21.1,12.0
143,2016-05-23,22.3,13.1
144,2016-05-24,26.3,11.3
145,2016-05-25,29.1,13.2
146,2016-05-26,19.6,13.2
147,2016-05-27,26.5,13.4
148,2016-05-28,23.4,15.0
149,2016-05-29,27.5,16.6
150,2016-05-30,27.7,15.6
151,2016-05-31,27.4,13.6
152,2016-06-01,17.7,13.4
153,2016-06-02,26.7,15.2
154,2016-06-03,23.8,13.9
155,2016-06-04,23.4,15.8
156,2016-06-05,20.7,16.6
157,2016-06-06,24.3,11.2
158,2016-06-07,20.0,11.3
159,2016-06-08,14.7,8.2
160,2016-06-09,21.0,8.8
161,2016-06-10,20.2,9.9
162,2016-06-11,30.5,12.3
163,2016-06-12,20.3,14.3
164,2016-06-13,19.6,12.2
165,2016-06-14,18.6,9.6
166,2016-06-15,19.8,10.1
167,2016-06-16,23.5,13.1
168,2016-06-17,26.1,14.5
169,2016-06-18,26.5,15.4
170,2016-06-19,28.9,15.3
171,2016-06-20,30.2,16.8
172,2016-06-21,26.1,11.5
173,2016-06-22,24.7,13.5
174,2016-06-23,20.9,12.8
175,2016-06-24,24.1,12.5
176,2016-06-25,24.8,13.8
177,2016-06-26,28.1,17.6
178,2016-06-27,32.3,17.4
179,2016-06-28,23.7,17.0
180,2016-06-29,24.1,14.1
181,2016-06-30,24.9,13.1
182,2016-07-01,22.9,14.7
183,2016-07-02,25.7,13.6
184,2016-07-03,24.5,11.2
185,2016-07-04,24.6,12.6
186,2016-07-05,30.2,16.8
187,2016-07-06,29.7,16.7
188,2016-07-07,28.5,17.8
191,2016-07-10,27.7,17.4
192,2016-07-11,22.9,18.1
193,2016-07-12,25.2,19.6
195,2016-07-14,25.5,19.2
196,2016-07-15,25.9,17.0
197,2016-07-16,21.1,15.5
198,2016-07-17,24.5,14.9
199,2016-07-18,30.0,18.6
200,2016-07-19,25.9,15.1
201,2016-07-20,25.3,14.5
202,2016-07-21,28.7,17.0
203,2016-07-22,35.0,18.8
204,2016-07-23,33.0,22.2
205,2016-07-24,25.3,20.4
206,2016-07-25,31.6,20.6
207,2016-07-26,27.8,17.2
209,2016-07-28,27.4,20.3
210,2016-07-29,24.6,20.8
213,2016-08-01,26.3,20.4
216,2016-08-04,29.8,20.7
217,2016-08-05,29.3,23.7
218,2016-08-06,29.3,19.9
220,2016-08-08,26.6,19.0
221,2016-08-09,26.4,19.0
222,2016-08-10,30.6,22.0
223,2016-08-11,30.8,21.7
225,2016-08-13,28.7,23.3
226,2016-08-14,28.6,20.0
227,2016-08-15,24.3,19.4
228,2016-08-16,27.9,19.9
229,2016-08-17,24.4,17.6
230,2016-08-18,26.4,20.7
231,2016-08-19,26.2,20.3
232,2016-08-20,29.4,21.0
233,2016-08-21,26.8,17.7
234,2016-08-22,24.5,15.0
235,2016-08-23,25.0,16.1
237,2016-08-25,29.7,20.8
238,2016-08-26,29.5,20.0
239,2016-08-27,24.9,17.8
240,2016-08-28,30.6,20.8
241,2016-08-29,24.8,18.8
242,2016-08-30,27.3,18.5
243,2016-08-31,28.4,18.7
244,2016-09-01,23.3,16.7
245,2016-09-02,21.5,15.4
246,2016-09-03,22.2,16.0
247,2016-09-04,23.0,15.1
248,2016-09-05,26.6,17.5
249,2016-09-06,26.7,19.9
250,2016-09-07,32.3,22.1
251,2016-09-08,30.2,22.9
252,2016-09-09,26.7,21.4
253,2016-09-10,27.5,20.1
254,2016-09-11,23.6,14.9
255,2016-09-12,23.2,13.4
256,2016-09-13,25.6,16.2
257,2016-09-14,23.1,15.3
258,2016-09-15,19.1,12.5
259,2016-09-16,21.0,14.1
260,2016-09-17,22.1,19.3
266,2016-09-23,22.3,12.7
267,2016-09-24,17.9,11.0
268,2016-09-25,16.6,11.3
269,2016-09-26,18.9,14.6
270,2016-09-27,21.2,12.7
271,2016-09-28,21.5,16.9
272,2016-09-29,18.9,15.0
273,2016-09-30,18.7,14.0
274,2016-10-01,16.8,13.6
275,2016-10-02,19.2,15.5
277,2016-10-04,18.9,14.4
278,2016-10-05,19.1,15.7
279,2016-10-06,21.1,16.8
280,2016-10-07,21.3,16.0
281,2016-10-08,19.6,9.1
282,2016-10-09,13.8,7.5
283,2016-10-10,12.5,4.7
284,2016-10-11,16.2,6.4
285,2016-10-12,21.1,12.9
286,2016-10-13,19.8,6.6
287,2016-10-14,14.8,5.4
288,2016-10-15,18.5,11.6
289,2016-10-16,21.2,17.0
292,2016-10-19,18.6,12.6
293,2016-10-20,16.2,12.1
294,2016-10-21,12.3,6.3
295,2016-10-22,9.5,4.5
296,2016-10-23,14.6,5.5
297,2016-10-24,11.2,6.1
300,2016-10-27,7.3,1.6
301,2016-10-28,11.1,1.3
302,2016-10-29,20.0,11.2
305,2016-11-01,16.6,7.3
306,2016-11-02,19.1,12.6
307,2016-11-03,15.1,7.6
308,2016-11-04,12.7,4.9
309,2016-11-05,16.5,8.1
310,2016-11-06,11.0,6.2
311,2016-11-07,13.8,4.7
313,2016-11-09,11.9,3.3
314,2016-11-10,14.9,2.7
315,2016-11-11,13.1,1.2
316,2016-11-12,10.1,0.3
317,2016-11-13,10.8,3.5
318,2016-11-14,12.2,5.3
319,2016-11-15,11.3,3.3
322,2016-11-18,13.6,7.5
323,2016-11-19,13.0,1.3
325,2016-11-21,2.4,-2.1
326,2016-11-22,3.6,-1.9
327,2016-11-23,3.2,-2.3
328,2016-11-24,4.9,3.1
330,2016-11-26,7.7,3.3
333,2016-11-29,10.5,5.0
336,2016-12-02,7.3,2.8
337,2016-12-03,7.1,1.5
338,2016-12-04,4.0,1.1
339,2016-12-05,6.8,2.0
340,2016-12-06,5.8,0.0
341,2016-12-07,4.3,0.6
342,2016-12-08,1.3,-2.4
343,2016-12-09,0.7,-6.1
344,2016-12-10,-0.5,-5.8
346,2016-12-12,2.9,-0.8
347,2016-12-13,-0.1,-5.2
348,2016-12-14,-3.4,-8.6
350,2016-12-16,-4.4,-8.6
351,2016-12-17,0.5,-5.6
352,2016-12-18,0.0,-10.0
354,2016-12-20,1.8,-6.1
355,2016-12-21,1.1,-3.4
356,2016-12-22,4.2,0.6
357,2016-12-23,3.2,-0.7
358,2016-12-24,4.3,1.8
359,2016-12-25,3.9,-1.8
360,2016-12-26,9.8,-1.4
361,2016-12-27,8.0,-1.8
362,2016-12-28,1.4,-2.1
363,2016-12-29,2.9,0.1
364,2016-12-30,1.0,-2.2
365,2016-12-31,5.0,-1.8
1,2017-01-02,4.8,-0.6
2,2017-01-03,5.1,2.7
3,2017-01-04,4.3,-7.2
4,2017-01-05,-5.1,-9.9
5,2017-01-06,-5.6,-11.5
6,2017-01-07,-6.3,-12.1
7,2017-01-08,-7.7,-10.8
8,2017-01-09,-0.9,-7.8
11,2017-01-12,8.1,-1.0
12,2017-01-13,-0.6,-7.1
13,2017-01-14,-2.4,-8.0
14,2017-01-15,0.4,-4.3
15,2017-01-16,3.0,-3.7
16,2017-01-17,2.6,0.3
18,2017-01-19,4.0,1.9
19,2017-01-20,3.9,1.4
20,2017-01-21,4.9,2.8
21,2017-01-22,4.9,2.5
22,2017-01-23,4.1,1.0
25,2017-01-26,4.4,1.5
26,2017-01-27,3.2,-0.2
27,2017-01-28,0.0,-1.3
28,2017-01-29,-1.0,-5.9
29,2017-01-30,-3.1,-9.6
30,2017-01-31,-1.2,-4.4
31,2017-02-01,3.8,-3.0
32,2017-02-02,-1.4,-5.7
33,2017-02-03,-3.3,-7.3
34,2017-02-04,0.2,-6.9
35,2017-02-05,1.3,-2.4
36,2017-02-06,1.9,-3.6
37,2017-02-07,5.0,-0.8
38,2017-02-08,4.8,-6.9
39,2017-02-09,-3.8,-10.8
40,2017-02-10,0.4,-6.4
41,2017-02-11,4.0,-1.4
44,2017-02-14,4.4,-3.1
45,2017-02-15,2.3,-4.9
46,2017-02-16,-1.8,-8.8
47,2017-02-17,1.3,-6.0
48,2017-02-18,12.9,-1.6
49,2017-02-19,12.9,2.4
50,2017-02-20,4.2,1.0
51,2017-02-21,4.7,1.8
52,2017-02-22,7.4,3.2
53,2017-02-23,18.5,4.9
54,2017-02-24,5.5,3.0
55,2017-02-25,8.6,-1.4
57,2017-02-27,10.1,2.5
58,2017-02-28,10.0,1.9
59,2017-03-01,9.9,-2.2
61,2017-03-03,-4.2,-8.2
62,2017-03-04,-6.1,-11.5
63,2017-03-05,-0.1,-9.9
65,2017-03-07,10.0,4.9
67,2017-03-09,4.1,-1.0
68,2017-03-10,-0.2,-9.4
69,2017-03-11,-5.2,-12.2
70,2017-03-12,-3.7,-12.3
71,2017-03-13,-5.2,-9.7
72,2017-03-14,-7.0,-9.9
73,2017-03-15,-2.7,-9.1
74,2017-03-16,2.9,-6.1
75,2017-03-17,4.6,-4.0
78,2017-03-20,5.0,0.7
79,2017-03-21,13.0,-2.4
80,2017-03-22,-1.5,-8.0
81,2017-03-23,2.2,-6.8
82,2017-03-24,10.8,1.5
83,2017-03-25,4.8,1.9
84,2017-03-26,5.8,1.6
85,2017-03-27,12.7,5.1
87,2017-03-29,7.7,2.3
88,2017-03-30,3.5,0.7
89,2017-03-31,4.2,2.3
90,2017-04-01,11.4,2.4
91,2017-04-02,16.1,2.6
92,2017-04-03,8.8,5.1
94,2017-04-05,8.0,5.1
96,2017-04-07,5.9,0.4
97,2017-04-08,10.1,1.3
98,2017-04-09,14.1,2.5
99,2017-04-10,18.2,7.3
101,2017-04-12,9.3,3.4
102,2017-04-13,10.0,2.3
103,2017-04-14,11.9,5.4
104,2017-04-15,11.4,4.7
105,2017-04-16,21.5,9.2
106,2017-04-17,12.6,3.0
107,2017-04-18,6.5,1.9
110,2017-04-21,13.0,5.8
111,2017-04-22,12.2,5.4
112,2017-04-23,14.9,3.8
113,2017-04-24,10.3,5.9
114,2017-04-25,10.1,5.3
115,2017-04-26,14.2,8.6
116,2017-04-27,17.6,8.9
117,2017-04-28,13.4,8.3
119,2017-04-30,9.0,4.5
120,2017-05-01,11.9,5.2
124,2017-05-05,10.4,6.7
127,2017-05-08,11.7,3.9
128,2017-05-09,9.4,5.7
129,2017-05-10,9.2,5.3
130,2017-05-11,12.5,7.1
131,2017-05-12,11.0,6.7
132,2017-05-13,13.2,8.3
133,2017-05-14,17.3,7.0
134,2017-05-15,19.8,8.5
137,2017-05-18,25.9,14.8
138,2017-05-19,19.0,9.6
139,2017-05-20,12.6,8.7
140,2017-05-21,12.3,9.3
141,2017-05-22,17.1,8.7
142,2017-05-23,18.6,7.8
144,2017-05-25,13.5,9.7
146,2017-05-27,16.8,11.1
147,2017-05-28,17.1,11.1
149,2017-05-30,20.0,13.0
150,2017-05-31,22.5,11.7
151,2017-06-01,18.2,10.4
152,2017-06-02,19.2,9.6
153,2017-06-03,20.0,12.0
154,2017-06-04,14.3,11.8
157,2017-06-07,16.6,10.8
158,2017-06-08,23.1,11.4
159,2017-06-09,24.8,14.2
160,2017-06-10,24.8,14.6
161,2017-06-11,22.6,16.1
162,2017-06-12,23.5,15.9
